,stringency_index,government_response_index,containment_health_index,economic_support_index,c1_school_closing,c2_workplace_closing,c3_cancel_public_events,c4_restrictions_on_gatherings,c5_close_public_transport,c6_stay_at_home_requirements,c7_movementrestrictions,c8_internationaltravel,e1_income_support,e2_debtrelief,h1_public_information_campaigns,h2_testing_policy,h3_contact_tracing,h6_facial_coverings,h7_vaccination_policy,h8_protection_of_elderly_people
15/2/20,19.44,10.94,12.5,0,0,0,0,0,0,0,0,3,0,0,2,0,0,0,0,0
16/2/20,19.44,10.94,12.5,0,0,0,0,0,0,0,0,3,0,0,2,0,0,0,0,0
17/2/20,19.44,10.94,12.5,0,0,0,0,0,0,0,0,3,0,0,2,0,0,0,0,0
18/2/20,19.44,10.94,12.5,0,0,0,0,0,0,0,0,3,0,0,2,0,0,0,0,0
19/2/20,19.44,10.94,12.5,0,0,0,0,0,0,0,0,3,0,0,2,0,0,0,0,0
20/2/20,19.44,10.94,12.5,0,0,0,0,0,0,0,0,3,0,0,2,0,0,0,0,0
21/2/20,19.44,10.94,12.5,0,0,0,0,0,0,0,0,3,0,0,2,0,0,0,0,0
22/2/20,19.44,10.94,12.5,0,0,0,0,0,0,0,0,3,0,0,2,0,0,0,0,0
23/2/20,19.44,10.94,12.5,0,0,0,0,0,0,0,0,3,0,0,2,0,0,0,0,0
24/2/20,19.44,10.94,12.5,0,0,0,0,0,0,0,0,3,0,0,2,0,0,0,0,0
25/2/20,19.44,10.94,12.5,0,0,0,0,0,0,0,0,3,0,0,2,0,0,0,0,0
26/2/20,19.44,10.94,12.5,0,0,0,0,0,0,0,0,3,0,0,2,0,0,0,0,0
27/2/20,19.44,10.94,12.5,0,0,0,0,0,0,0,0,3,0,0,2,0,0,0,0,0
28/2/20,19.44,19.27,22.02,0,0,0,0,0,0,0,0,3,0,0,2,1,2,0,0,0
29/2/20,19.44,19.27,22.02,0,0,0,0,0,0,0,0,3,0,0,2,1,2,0,0,0
1/3/20,19.44,19.27,22.02,0,0,0,0,0,0,0,0,3,0,0,2,1,2,0,0,0
2/3/20,19.44,19.27,22.02,0,0,0,0,0,0,0,0,3,0,0,2,1,2,0,0,0
3/3/20,19.44,19.27,22.02,0,0,0,0,0,0,0,0,3,0,0,2,1,2,0,0,0
4/3/20,19.44,19.27,22.02,0,0,0,0,0,0,0,0,3,0,0,2,1,2,0,0,0
5/3/20,19.44,19.27,22.02,0,0,0,0,0,0,0,0,3,0,0,2,1,2,0,0,0
6/3/20,19.44,19.27,22.02,0,0,0,0,0,0,0,0,3,0,0,2,1,2,0,0,0
7/3/20,19.44,19.27,22.02,0,0,0,0,0,0,0,0,3,0,0,2,1,2,0,0,0
8/3/20,19.44,19.27,22.02,0,0,0,0,0,0,0,0,3,0,0,2,1,2,0,0,0
9/3/20,19.44,19.27,22.02,0,0,0,0,0,0,0,0,3,0,0,2,1,2,0,0,0
10/3/20,19.44,19.27,22.02,0,0,0,0,0,0,0,0,3,0,0,2,1,2,0,0,0
11/3/20,19.44,19.27,22.02,0,0,0,0,0,0,0,0,3,0,0,2,1,2,0,0,0
12/3/20,19.44,19.27,22.02,0,0,0,0,0,0,0,0,3,0,0,2,1,2,0,0,0
13/3/20,19.44,19.27,22.02,0,0,0,0,0,0,0,0,3,0,0,2,1,2,0,0,0
14/3/20,19.44,19.27,22.02,0,0,0,0,0,0,0,0,3,0,0,2,1,2,0,0,0
15/3/20,19.44,19.27,22.02,0,0,0,0,0,0,0,0,3,0,0,2,1,2,0,0,0
16/3/20,36.11,28.65,32.74,0,0,0,2,2,0,0,0,3,0,0,2,1,2,0,0,0
17/3/20,36.11,33.33,32.74,37.5,0,0,2,2,0,0,0,3,2,0,2,1,2,0,0,0
18/3/20,36.11,33.33,32.74,37.5,0,0,2,2,0,0,0,3,2,0,2,1,2,0,0,0
19/3/20,36.11,33.33,32.74,37.5,0,0,2,2,0,0,0,3,2,0,2,1,2,0,0,0
20/3/20,38.89,34.9,34.52,37.5,0,0,2,2,0,0,0,4,2,0,2,1,2,0,0,0
21/3/20,58.33,45.83,47.02,37.5,1,1,2,3,0,1,1,4,2,0,2,1,2,0,0,0
22/3/20,58.33,45.83,47.02,37.5,1,1,2,3,0,1,1,4,2,0,2,1,2,0,0,0
23/3/20,79.63,57.81,60.71,37.5,1,2,2,4,1,2,2,4,2,0,2,1,2,0,0,0
24/3/20,87.04,65.1,65.48,62.5,3,2,2,4,1,2,2,4,2,1,2,1,2,0,0,0
25/3/20,90.74,73.44,75,62.5,3,3,2,4,1,2,2,4,2,1,2,1,2,0,0,3
26/3/20,96.3,76.56,78.57,62.5,3,3,2,4,2,2,2,4,2,1,2,1,2,0,0,3
27/3/20,96.3,76.56,78.57,62.5,3,3,2,4,2,2,2,4,2,1,2,1,2,0,0,3
28/3/20,96.3,76.56,78.57,62.5,3,3,2,4,2,2,2,4,2,1,2,1,2,0,0,3
29/3/20,96.3,76.56,78.57,62.5,3,3,2,4,2,2,2,4,2,1,2,1,2,0,0,3
30/3/20,96.3,76.56,78.57,62.5,3,3,2,4,2,2,2,4,2,1,2,1,2,0,0,3
31/3/20,96.3,76.56,78.57,62.5,3,3,2,4,2,2,2,4,2,1,2,1,2,0,0,3
1/4/20,96.3,78.65,80.95,62.5,3,3,2,4,2,2,2,4,2,1,2,2,2,0,0,3
2/4/20,96.3,78.65,80.95,62.5,3,3,2,4,2,2,2,4,2,1,2,2,2,0,0,3
3/4/20,96.3,78.65,80.95,62.5,3,3,2,4,2,2,2,4,2,1,2,2,2,0,0,3
4/4/20,96.3,78.65,80.95,62.5,3,3,2,4,2,2,2,4,2,1,2,2,2,0,0,3
5/4/20,96.3,78.65,80.95,62.5,3,3,2,4,2,2,2,4,2,1,2,2,2,0,0,3
6/4/20,96.3,78.65,80.95,62.5,3,3,2,4,2,2,2,4,2,1,2,2,2,0,0,3
7/4/20,96.3,78.65,80.95,62.5,3,3,2,4,2,2,2,4,2,1,2,2,2,0,0,3
8/4/20,96.3,78.65,80.95,62.5,3,3,2,4,2,2,2,4,2,1,2,2,2,0,0,3
9/4/20,96.3,78.65,80.95,62.5,3,3,2,4,2,2,2,4,2,1,2,2,2,0,0,3
10/4/20,96.3,78.65,80.95,62.5,3,3,2,4,2,2,2,4,2,1,2,2,2,0,0,3
11/4/20,96.3,78.65,80.95,62.5,3,3,2,4,2,2,2,4,2,1,2,2,2,0,0,3
12/4/20,96.3,78.65,80.95,62.5,3,3,2,4,2,2,2,4,2,1,2,2,2,0,0,3
13/4/20,96.3,78.65,80.95,62.5,3,3,2,4,2,2,2,4,2,1,2,2,2,0,0,3
14/4/20,96.3,78.65,80.95,62.5,3,3,2,4,2,2,2,4,2,1,2,2,2,0,0,3
15/4/20,96.3,78.65,80.95,62.5,3,3,2,4,2,2,2,4,2,1,2,2,2,0,0,3
16/4/20,96.3,78.65,80.95,62.5,3,3,2,4,2,2,2,4,2,1,2,2,2,0,0,3
17/4/20,96.3,78.65,80.95,62.5,3,3,2,4,2,2,2,4,2,1,2,2,2,0,0,3
18/4/20,96.3,78.65,80.95,62.5,3,3,2,4,2,2,2,4,2,1,2,2,2,0,0,3
19/4/20,96.3,78.65,80.95,62.5,3,3,2,4,2,2,2,4,2,1,2,2,2,0,0,3
20/4/20,96.3,78.65,80.95,62.5,3,3,2,4,2,2,2,4,2,1,2,2,2,0,0,3
21/4/20,96.3,78.65,80.95,62.5,3,3,2,4,2,2,2,4,2,1,2,2,2,0,0,3
22/4/20,96.3,78.65,80.95,62.5,3,3,2,4,2,2,2,4,2,1,2,2,2,0,0,3
23/4/20,96.3,78.65,80.95,62.5,3,3,2,4,2,2,2,4,2,1,2,2,2,0,0,3
24/4/20,96.3,78.65,80.95,62.5,3,3,2,4,2,2,2,4,2,1,2,2,2,0,0,3
25/4/20,96.3,78.65,80.95,62.5,3,3,2,4,2,2,2,4,2,1,2,2,2,0,0,3
26/4/20,96.3,78.65,80.95,62.5,3,3,2,4,2,2,2,4,2,1,2,2,2,0,0,3
27/4/20,96.3,76.56,78.57,62.5,3,3,2,4,2,2,2,4,2,1,2,2,2,0,0,2
28/4/20,87.04,71.35,72.62,62.5,3,2,2,4,1,2,2,4,2,1,2,2,2,0,0,2
29/4/20,83.33,69.27,70.24,62.5,2,2,2,4,1,2,2,4,2,1,2,2,2,0,0,2
30/4/20,83.33,69.27,70.24,62.5,2,2,2,4,1,2,2,4,2,1,2,2,2,0,0,2
1/5/20,83.33,69.27,70.24,62.5,2,2,2,4,1,2,2,4,2,1,2,2,2,0,0,2
2/5/20,83.33,69.27,70.24,62.5,2,2,2,4,1,2,2,4,2,1,2,2,2,0,0,2
3/5/20,83.33,69.27,70.24,62.5,2,2,2,4,1,2,2,4,2,1,2,2,2,0,0,2
4/5/20,83.33,69.27,70.24,62.5,2,2,2,4,1,2,2,4,2,1,2,2,2,0,0,2
5/5/20,83.33,69.27,70.24,62.5,2,2,2,4,1,2,2,4,2,1,2,2,2,0,0,2
6/5/20,83.33,69.27,70.24,62.5,2,2,2,4,1,2,2,4,2,1,2,2,2,0,0,2
7/5/20,83.33,69.27,70.24,62.5,2,2,2,4,1,2,2,4,2,1,2,2,2,0,0,2
8/5/20,83.33,69.27,70.24,62.5,2,2,2,4,1,2,2,4,2,1,2,2,2,0,0,2
9/5/20,83.33,69.27,70.24,62.5,2,2,2,4,1,2,2,4,2,1,2,2,2,0,0,2
10/5/20,83.33,69.27,70.24,62.5,2,2,2,4,1,2,2,4,2,1,2,2,2,0,0,2
11/5/20,83.33,69.27,70.24,62.5,2,2,2,4,1,2,2,4,2,1,2,2,2,0,0,2
12/5/20,83.33,69.27,70.24,62.5,2,2,2,4,1,2,2,4,2,1,2,2,2,0,0,2
13/5/20,83.33,69.27,70.24,62.5,2,2,2,4,1,2,2,4,2,1,2,2,2,0,0,2
14/5/20,39.81,44.79,42.26,62.5,1,0,1,3,0,0,0,4,2,1,2,2,2,0,0,2
15/5/20,39.81,44.79,42.26,62.5,1,0,1,3,0,0,0,4,2,1,2,2,2,0,0,2
16/5/20,39.81,44.79,42.26,62.5,1,0,1,3,0,0,0,4,2,1,2,2,2,0,0,2
17/5/20,39.81,44.79,42.26,62.5,1,0,1,3,0,0,0,4,2,1,2,2,2,0,0,2
18/5/20,39.81,44.79,42.26,62.5,1,0,1,3,0,0,0,4,2,1,2,2,2,0,0,2
19/5/20,39.81,44.79,42.26,62.5,1,0,1,3,0,0,0,4,2,1,2,2,2,0,0,2
20/5/20,39.81,44.79,42.26,62.5,1,0,1,3,0,0,0,4,2,1,2,2,2,0,0,2
21/5/20,39.81,44.79,42.26,62.5,1,0,1,3,0,0,0,4,2,1,2,2,2,0,0,2
22/5/20,39.81,44.79,42.26,62.5,1,0,1,3,0,0,0,4,2,1,2,2,2,0,0,2
23/5/20,39.81,44.79,42.26,62.5,1,0,1,3,0,0,0,4,2,1,2,2,2,0,0,2
24/5/20,39.81,44.79,42.26,62.5,1,0,1,3,0,0,0,4,2,1,2,2,2,0,0,2
25/5/20,39.81,44.79,42.26,62.5,1,0,1,3,0,0,0,4,2,1,2,2,2,0,0,2
26/5/20,39.81,44.79,42.26,62.5,1,0,1,3,0,0,0,4,2,1,2,2,2,0,0,2
27/5/20,39.81,44.79,42.26,62.5,1,0,1,3,0,0,0,4,2,1,2,2,2,0,0,2
28/5/20,39.81,44.79,42.26,62.5,1,0,1,3,0,0,0,4,2,1,2,2,2,0,0,2
29/5/20,37.04,43.23,40.48,62.5,1,0,1,2,0,0,0,4,2,1,2,2,2,0,0,2
30/5/20,37.04,43.23,40.48,62.5,1,0,1,2,0,0,0,4,2,1,2,2,2,0,0,2
31/5/20,37.04,43.23,40.48,62.5,1,0,1,2,0,0,0,4,2,1,2,2,2,0,0,2
1/6/20,37.04,43.23,40.48,62.5,1,0,1,2,0,0,0,4,2,1,2,2,2,0,0,2
2/6/20,37.04,43.23,40.48,62.5,1,0,1,2,0,0,0,4,2,1,2,2,2,0,0,2
3/6/20,37.04,43.23,40.48,62.5,1,0,1,2,0,0,0,4,2,1,2,2,2,0,0,2
4/6/20,37.04,43.23,40.48,62.5,1,0,1,2,0,0,0,4,2,1,2,2,2,0,0,2
5/6/20,37.04,43.23,40.48,62.5,1,0,1,2,0,0,0,4,2,1,2,2,2,0,0,2
6/6/20,37.04,43.23,40.48,62.5,1,0,1,2,0,0,0,4,2,1,2,2,2,0,0,2
7/6/20,37.04,43.23,40.48,62.5,1,0,1,2,0,0,0,4,2,1,2,2,2,0,0,2
8/6/20,22.22,34.9,30.95,62.5,0,0,0,0,0,0,0,4,2,1,2,2,2,0,0,2
9/6/20,22.22,34.9,30.95,62.5,0,0,0,0,0,0,0,4,2,1,2,2,2,0,0,2
10/6/20,22.22,34.9,30.95,62.5,0,0,0,0,0,0,0,4,2,1,2,2,2,0,0,2
11/6/20,22.22,34.9,30.95,62.5,0,0,0,0,0,0,0,4,2,1,2,2,2,0,0,2
12/6/20,22.22,34.9,30.95,62.5,0,0,0,0,0,0,0,4,2,1,2,2,2,0,0,2
13/6/20,22.22,34.9,30.95,62.5,0,0,0,0,0,0,0,4,2,1,2,2,2,0,0,2
14/6/20,22.22,34.9,30.95,62.5,0,0,0,0,0,0,0,4,2,1,2,2,2,0,0,2
15/6/20,22.22,34.9,30.95,62.5,0,0,0,0,0,0,0,4,2,1,2,2,2,0,0,2
16/6/20,22.22,34.9,30.95,62.5,0,0,0,0,0,0,0,4,2,1,2,2,2,0,0,2
17/6/20,22.22,34.9,30.95,62.5,0,0,0,0,0,0,0,4,2,1,2,2,2,0,0,2
18/6/20,22.22,34.9,30.95,62.5,0,0,0,0,0,0,0,4,2,1,2,2,2,0,0,2
19/6/20,22.22,34.9,30.95,62.5,0,0,0,0,0,0,0,4,2,1,2,2,2,0,0,2
20/6/20,22.22,34.9,30.95,62.5,0,0,0,0,0,0,0,4,2,1,2,2,2,0,0,2
21/6/20,22.22,34.9,30.95,62.5,0,0,0,0,0,0,0,4,2,1,2,2,2,0,0,2
22/6/20,22.22,34.9,30.95,62.5,0,0,0,0,0,0,0,4,2,1,2,2,2,0,0,2
23/6/20,22.22,34.9,30.95,62.5,0,0,0,0,0,0,0,4,2,1,2,2,2,0,0,2
24/6/20,22.22,34.9,30.95,62.5,0,0,0,0,0,0,0,4,2,1,2,2,2,0,0,2
25/6/20,22.22,34.9,30.95,62.5,0,0,0,0,0,0,0,4,2,1,2,2,2,0,0,2
26/6/20,22.22,34.9,30.95,62.5,0,0,0,0,0,0,0,4,2,1,2,2,2,0,0,2
27/6/20,22.22,34.9,30.95,62.5,0,0,0,0,0,0,0,4,2,1,2,2,2,0,0,2
28/6/20,22.22,34.9,30.95,62.5,0,0,0,0,0,0,0,4,2,1,2,2,2,0,0,2
29/6/20,22.22,34.9,30.95,62.5,0,0,0,0,0,0,0,4,2,1,2,2,2,0,0,2
30/6/20,22.22,34.9,30.95,62.5,0,0,0,0,0,0,0,4,2,1,2,2,2,0,0,2
1/7/20,22.22,34.9,30.95,62.5,0,0,0,0,0,0,0,4,2,1,2,2,2,0,0,2
2/7/20,22.22,34.9,30.95,62.5,0,0,0,0,0,0,0,4,2,1,2,2,2,0,0,2
3/7/20,22.22,34.9,30.95,62.5,0,0,0,0,0,0,0,4,2,1,2,2,2,0,0,2
4/7/20,22.22,34.9,30.95,62.5,0,0,0,0,0,0,0,4,2,1,2,2,2,0,0,2
5/7/20,22.22,34.9,30.95,62.5,0,0,0,0,0,0,0,4,2,1,2,2,2,0,0,2
6/7/20,22.22,34.9,30.95,62.5,0,0,0,0,0,0,0,4,2,1,2,2,2,0,0,2
7/7/20,22.22,34.9,30.95,62.5,0,0,0,0,0,0,0,4,2,1,2,2,2,0,0,2
8/7/20,22.22,34.9,30.95,62.5,0,0,0,0,0,0,0,4,2,1,2,2,2,0,0,2
9/7/20,22.22,34.9,30.95,62.5,0,0,0,0,0,0,0,4,2,1,2,2,2,0,0,2
10/7/20,22.22,38.02,30.95,87.5,0,0,0,0,0,0,0,4,2,2,2,2,2,0,0,2
11/7/20,22.22,38.02,30.95,87.5,0,0,0,0,0,0,0,4,2,2,2,2,2,0,0,2
12/7/20,22.22,38.02,30.95,87.5,0,0,0,0,0,0,0,4,2,2,2,2,2,0,0,2
13/7/20,22.22,38.02,30.95,87.5,0,0,0,0,0,0,0,4,2,2,2,2,2,0,0,2
14/7/20,22.22,38.02,30.95,87.5,0,0,0,0,0,0,0,4,2,2,2,2,2,0,0,2
15/7/20,22.22,38.02,30.95,87.5,0,0,0,0,0,0,0,4,2,2,2,2,2,0,0,2
16/7/20,22.22,38.02,30.95,87.5,0,0,0,0,0,0,0,4,2,2,2,2,2,0,0,2
17/7/20,22.22,38.02,30.95,87.5,0,0,0,0,0,0,0,4,2,2,2,2,2,0,0,2
18/7/20,22.22,38.02,30.95,87.5,0,0,0,0,0,0,0,4,2,2,2,2,2,0,0,2
19/7/20,22.22,38.02,30.95,87.5,0,0,0,0,0,0,0,4,2,2,2,2,2,0,0,2
20/7/20,22.22,38.02,30.95,87.5,0,0,0,0,0,0,0,4,2,2,2,2,2,0,0,2
21/7/20,22.22,38.02,30.95,87.5,0,0,0,0,0,0,0,4,2,2,2,2,2,0,0,2
22/7/20,22.22,38.02,30.95,87.5,0,0,0,0,0,0,0,4,2,2,2,2,2,0,0,2
23/7/20,22.22,38.02,30.95,87.5,0,0,0,0,0,0,0,4,2,2,2,2,2,0,0,2
24/7/20,22.22,38.02,30.95,87.5,0,0,0,0,0,0,0,4,2,2,2,2,2,0,0,2
25/7/20,22.22,38.02,30.95,87.5,0,0,0,0,0,0,0,4,2,2,2,2,2,0,0,2
26/7/20,22.22,38.02,30.95,87.5,0,0,0,0,0,0,0,4,2,2,2,2,2,0,0,2
27/7/20,22.22,38.02,30.95,87.5,0,0,0,0,0,0,0,4,2,2,2,2,2,0,0,2
28/7/20,22.22,38.02,30.95,87.5,0,0,0,0,0,0,0,4,2,2,2,2,2,0,0,2
29/7/20,22.22,38.02,30.95,87.5,0,0,0,0,0,0,0,4,2,2,2,2,2,0,0,2
30/7/20,22.22,38.02,30.95,87.5,0,0,0,0,0,0,0,4,2,2,2,2,2,0,0,2
31/7/20,22.22,38.02,30.95,87.5,0,0,0,0,0,0,0,4,2,2,2,2,2,0,0,2
1/8/20,22.22,38.02,30.95,87.5,0,0,0,0,0,0,0,4,2,2,2,2,2,0,0,2
2/8/20,22.22,38.02,30.95,87.5,0,0,0,0,0,0,0,4,2,2,2,2,2,0,0,2
3/8/20,22.22,38.02,30.95,87.5,0,0,0,0,0,0,0,4,2,2,2,2,2,0,0,2
4/8/20,22.22,38.02,30.95,87.5,0,0,0,0,0,0,0,4,2,2,2,2,2,0,0,2
5/8/20,22.22,38.02,30.95,87.5,0,0,0,0,0,0,0,4,2,2,2,2,2,0,0,2
6/8/20,22.22,38.02,30.95,87.5,0,0,0,0,0,0,0,4,2,2,2,2,2,0,0,2
7/8/20,22.22,38.02,30.95,87.5,0,0,0,0,0,0,0,4,2,2,2,2,2,0,0,2
8/8/20,22.22,38.02,30.95,87.5,0,0,0,0,0,0,0,4,2,2,2,2,2,0,0,2
9/8/20,22.22,38.02,30.95,87.5,0,0,0,0,0,0,0,4,2,2,2,2,2,0,0,2
10/8/20,22.22,38.02,30.95,87.5,0,0,0,0,0,0,0,4,2,2,2,2,2,0,0,2
11/8/20,22.22,38.02,30.95,87.5,0,0,0,0,0,0,0,4,2,2,2,2,2,0,0,2
12/8/20,68.98,65.1,61.9,87.5,2,3,2,4,0,2,2,4,2,2,2,2,2,1,0,2
13/8/20,68.98,65.1,61.9,87.5,2,3,2,4,0,2,2,4,2,2,2,2,2,1,0,2
14/8/20,68.98,65.1,61.9,87.5,2,3,2,4,0,2,2,4,2,2,2,2,2,1,0,2
15/8/20,68.98,65.1,61.9,87.5,2,3,2,4,0,2,2,4,2,2,2,2,2,1,0,2
16/8/20,68.98,65.1,61.9,87.5,2,3,2,4,0,2,2,4,2,2,2,2,2,1,0,2
17/8/20,68.98,65.1,61.9,87.5,2,3,2,4,0,2,2,4,2,2,2,2,2,1,0,2
18/8/20,68.98,65.1,61.9,87.5,2,3,2,4,0,2,2,4,2,2,2,2,2,1,0,2
19/8/20,68.98,65.1,61.9,87.5,2,3,2,4,0,2,2,4,2,2,2,2,2,1,0,2
20/8/20,68.98,65.1,61.9,87.5,2,3,2,4,0,2,2,4,2,2,2,2,2,1,0,2
21/8/20,68.98,65.1,61.9,87.5,2,3,2,4,0,2,2,4,2,2,2,2,2,1,0,2
22/8/20,68.98,65.1,61.9,87.5,2,3,2,4,0,2,2,4,2,2,2,2,2,1,0,2
23/8/20,71.76,66.67,63.69,87.5,2,3,2,4,0,2,2,4,2,2,2,2,2,1,0,2
24/8/20,71.76,66.67,63.69,87.5,2,3,2,4,0,2,2,4,2,2,2,2,2,1,0,2
25/8/20,71.76,66.67,63.69,87.5,2,3,2,4,0,2,2,4,2,2,2,2,2,1,0,2
26/8/20,71.76,66.67,63.69,87.5,2,3,2,4,0,2,2,4,2,2,2,2,2,1,0,2
27/8/20,71.76,66.67,63.69,87.5,2,3,2,4,0,2,2,4,2,2,2,2,2,1,0,2
28/8/20,71.76,66.67,63.69,87.5,2,3,2,4,0,2,2,4,2,2,2,2,2,1,0,2
29/8/20,71.76,66.67,63.69,87.5,2,3,2,4,0,2,2,4,2,2,2,2,2,1,0,2
30/8/20,71.76,69.01,66.37,87.5,2,3,2,4,0,2,2,4,2,2,2,2,2,2,0,2
31/8/20,48.61,55.99,51.49,87.5,1,1,2,4,0,0,0,4,2,2,2,2,2,2,0,2
1/9/20,48.61,55.99,51.49,87.5,1,1,2,4,0,0,0,4,2,2,2,2,2,2,0,2
2/9/20,48.61,55.99,51.49,87.5,1,1,2,4,0,0,0,4,2,2,2,2,2,2,0,2
3/9/20,48.61,55.99,51.49,87.5,1,1,2,4,0,0,0,4,2,2,2,2,2,2,0,2
4/9/20,48.61,55.99,51.49,87.5,1,1,2,4,0,0,0,4,2,2,2,2,2,2,0,2
5/9/20,48.61,55.99,51.49,87.5,1,1,2,4,0,0,0,4,2,2,2,2,2,2,0,2
6/9/20,48.61,55.99,51.49,87.5,1,1,2,4,0,0,0,4,2,2,2,2,2,2,0,2
7/9/20,48.61,55.99,51.49,87.5,1,1,2,4,0,0,0,4,2,2,2,2,2,2,0,2
8/9/20,48.61,55.99,51.49,87.5,1,1,2,4,0,0,0,4,2,2,2,2,2,2,0,2
9/9/20,48.61,55.99,51.49,87.5,1,1,2,4,0,0,0,4,2,2,2,2,2,2,0,2
10/9/20,48.61,55.99,51.49,87.5,1,1,2,4,0,0,0,4,2,2,2,2,2,2,0,2
11/9/20,48.61,55.99,51.49,87.5,1,1,2,4,0,0,0,4,2,2,2,2,2,2,0,2
12/9/20,48.61,55.99,51.49,87.5,1,1,2,4,0,0,0,4,2,2,2,2,2,2,0,2
13/9/20,48.61,55.99,51.49,87.5,1,1,2,4,0,0,0,4,2,2,2,2,2,2,0,2
14/9/20,48.61,55.99,51.49,87.5,1,1,2,4,0,0,0,4,2,2,2,2,2,2,0,2
15/9/20,48.61,55.99,51.49,87.5,1,1,2,4,0,0,0,4,2,2,2,2,2,2,0,2
16/9/20,48.61,55.99,51.49,87.5,1,1,2,4,0,0,0,4,2,2,2,2,2,2,0,2
17/9/20,48.61,55.99,51.49,87.5,1,1,2,4,0,0,0,4,2,2,2,2,2,2,0,2
18/9/20,48.61,55.99,51.49,87.5,1,1,2,4,0,0,0,4,2,2,2,2,2,2,0,2
19/9/20,48.61,55.99,51.49,87.5,1,1,2,4,0,0,0,4,2,2,2,2,2,2,0,2
20/9/20,43.98,53.39,48.51,87.5,1,1,2,4,0,0,0,4,2,2,2,2,2,2,0,2
21/9/20,43.98,52.6,47.62,87.5,1,1,2,4,0,0,0,4,2,2,2,2,2,2,0,2
22/9/20,43.98,52.6,47.62,87.5,1,1,2,4,0,0,0,4,2,2,2,2,2,2,0,2
23/9/20,41.2,51.04,45.83,87.5,1,1,2,3,0,0,0,4,2,2,2,2,2,2,0,2
24/9/20,41.2,51.04,45.83,87.5,1,1,2,3,0,0,0,4,2,2,2,2,2,2,0,2
25/9/20,41.2,51.04,45.83,87.5,1,1,2,3,0,0,0,4,2,2,2,2,2,2,0,2
26/9/20,41.2,51.04,45.83,87.5,1,1,2,3,0,0,0,4,2,2,2,2,2,2,0,2
27/9/20,41.2,51.04,45.83,87.5,1,1,2,3,0,0,0,4,2,2,2,2,2,2,0,2
28/9/20,41.2,51.04,45.83,87.5,1,1,2,3,0,0,0,4,2,2,2,2,2,2,0,2
29/9/20,41.2,51.04,45.83,87.5,1,1,2,3,0,0,0,4,2,2,2,2,2,2,0,2
30/9/20,41.2,51.04,45.83,87.5,1,1,2,3,0,0,0,4,2,2,2,2,2,2,0,2
1/10/20,41.2,51.04,45.83,87.5,1,1,2,3,0,0,0,4,2,2,2,2,2,2,0,2
2/10/20,41.2,51.04,45.83,87.5,1,1,2,3,0,0,0,4,2,2,2,2,2,2,0,2
3/10/20,41.2,51.04,45.83,87.5,1,1,2,3,0,0,0,4,2,2,2,2,2,2,0,2
4/10/20,41.2,51.04,45.83,87.5,1,1,2,3,0,0,0,4,2,2,2,2,2,2,0,2
5/10/20,41.2,51.04,45.83,87.5,1,1,2,3,0,0,0,4,2,2,2,2,2,2,0,2
6/10/20,41.2,51.04,45.83,87.5,1,1,2,3,0,0,0,4,2,2,2,2,2,2,0,2
7/10/20,22.22,39.58,32.74,87.5,0,0,0,0,0,0,0,4,2,2,2,2,2,1,0,2
8/10/20,22.22,37.5,30.36,87.5,0,0,0,0,0,0,0,4,2,2,2,2,2,1,0,1
9/10/20,22.22,37.5,30.36,87.5,0,0,0,0,0,0,0,4,2,2,2,2,2,1,0,1
10/10/20,22.22,37.5,30.36,87.5,0,0,0,0,0,0,0,4,2,2,2,2,2,1,0,1
11/10/20,22.22,37.5,30.36,87.5,0,0,0,0,0,0,0,4,2,2,2,2,2,1,0,1
12/10/20,22.22,37.5,30.36,87.5,0,0,0,0,0,0,0,4,2,2,2,2,2,1,0,1
13/10/20,22.22,37.5,30.36,87.5,0,0,0,0,0,0,0,4,2,2,2,2,2,1,0,1
14/10/20,22.22,37.5,30.36,87.5,0,0,0,0,0,0,0,4,2,2,2,2,2,1,0,1
15/10/20,22.22,37.5,30.36,87.5,0,0,0,0,0,0,0,4,2,2,2,2,2,1,0,1
16/10/20,22.22,37.5,30.36,87.5,0,0,0,0,0,0,0,4,2,2,2,2,2,1,0,1
17/10/20,22.22,37.5,30.36,87.5,0,0,0,0,0,0,0,4,2,2,2,2,2,1,0,1
18/10/20,22.22,37.5,30.36,87.5,0,0,0,0,0,0,0,4,2,2,2,2,2,1,0,1
19/10/20,22.22,37.5,30.36,87.5,0,0,0,0,0,0,0,4,2,2,2,2,2,1,0,1
20/10/20,22.22,37.5,30.36,87.5,0,0,0,0,0,0,0,4,2,2,2,2,2,1,0,1
21/10/20,22.22,37.5,30.36,87.5,0,0,0,0,0,0,0,4,2,2,2,2,2,1,0,1
22/10/20,22.22,37.5,30.36,87.5,0,0,0,0,0,0,0,4,2,2,2,2,2,1,0,1
23/10/20,22.22,37.5,30.36,87.5,0,0,0,0,0,0,0,4,2,2,2,2,2,1,0,1
24/10/20,22.22,37.5,30.36,87.5,0,0,0,0,0,0,0,4,2,2,2,2,2,1,0,1
25/10/20,22.22,37.5,30.36,87.5,0,0,0,0,0,0,0,4,2,2,2,2,2,1,0,1
26/10/20,22.22,37.5,30.36,87.5,0,0,0,0,0,0,0,4,2,2,2,2,2,1,0,1
27/10/20,22.22,37.5,30.36,87.5,0,0,0,0,0,0,0,4,2,2,2,2,2,1,0,1
28/10/20,22.22,37.5,30.36,87.5,0,0,0,0,0,0,0,4,2,2,2,2,2,1,0,1
29/10/20,22.22,37.5,30.36,87.5,0,0,0,0,0,0,0,4,2,2,2,2,2,1,0,1
30/10/20,22.22,37.5,30.36,87.5,0,0,0,0,0,0,0,4,2,2,2,2,2,1,0,1
31/10/20,22.22,37.5,30.36,87.5,0,0,0,0,0,0,0,4,2,2,2,2,2,1,0,1
1/11/20,22.22,35.94,30.36,75,0,0,0,0,0,0,0,4,1,2,2,2,2,1,0,1
2/11/20,22.22,35.94,30.36,75,0,0,0,0,0,0,0,4,1,2,2,2,2,1,0,1
3/11/20,22.22,35.94,30.36,75,0,0,0,0,0,0,0,4,1,2,2,2,2,1,0,1
4/11/20,22.22,35.94,30.36,75,0,0,0,0,0,0,0,4,1,2,2,2,2,1,0,1
5/11/20,22.22,35.94,30.36,75,0,0,0,0,0,0,0,4,1,2,2,2,2,1,0,1
6/11/20,22.22,35.94,30.36,75,0,0,0,0,0,0,0,4,1,2,2,2,2,1,0,1
7/11/20,22.22,35.94,30.36,75,0,0,0,0,0,0,0,4,1,2,2,2,2,1,0,1
8/11/20,22.22,35.94,30.36,75,0,0,0,0,0,0,0,4,1,2,2,2,2,1,0,1
9/11/20,22.22,35.94,30.36,75,0,0,0,0,0,0,0,4,1,2,2,2,2,1,0,1
10/11/20,22.22,35.94,30.36,75,0,0,0,0,0,0,0,4,1,2,2,2,2,1,0,1
11/11/20,22.22,35.94,30.36,75,0,0,0,0,0,0,0,4,1,2,2,2,2,1,0,1
12/11/20,22.22,35.94,30.36,75,0,0,0,0,0,0,0,4,1,2,2,2,2,1,0,1
13/11/20,22.22,35.94,30.36,75,0,0,0,0,0,0,0,4,1,2,2,2,2,1,0,1
14/11/20,22.22,35.94,30.36,75,0,0,0,0,0,0,0,4,1,2,2,2,2,1,0,1
15/11/20,22.22,35.94,30.36,75,0,0,0,0,0,0,0,4,1,2,2,2,2,1,0,1
16/11/20,22.22,35.94,30.36,75,0,0,0,0,0,0,0,4,1,2,2,2,2,1,0,1
17/11/20,22.22,35.94,30.36,75,0,0,0,0,0,0,0,4,1,2,2,2,2,1,0,1
18/11/20,22.22,35.94,30.36,75,0,0,0,0,0,0,0,4,1,2,2,2,2,1,0,1
19/11/20,22.22,37.5,32.14,75,0,0,0,0,0,0,0,4,1,2,2,2,2,2,0,1
20/11/20,22.22,37.5,32.14,75,0,0,0,0,0,0,0,4,1,2,2,2,2,2,0,1
21/11/20,22.22,37.5,32.14,75,0,0,0,0,0,0,0,4,1,2,2,2,2,2,0,1
22/11/20,22.22,37.5,32.14,75,0,0,0,0,0,0,0,4,1,2,2,2,2,2,0,1
23/11/20,22.22,37.5,32.14,75,0,0,0,0,0,0,0,4,1,2,2,2,2,2,0,1
24/11/20,22.22,37.5,32.14,75,0,0,0,0,0,0,0,4,1,2,2,2,2,2,0,1
25/11/20,22.22,37.5,32.14,75,0,0,0,0,0,0,0,4,1,2,2,2,2,2,0,1
26/11/20,22.22,37.5,32.14,75,0,0,0,0,0,0,0,4,1,2,2,2,2,2,0,1
27/11/20,22.22,37.5,32.14,75,0,0,0,0,0,0,0,4,1,2,2,2,2,2,0,1
28/11/20,22.22,37.5,32.14,75,0,0,0,0,0,0,0,4,1,2,2,2,2,2,0,1
29/11/20,22.22,37.5,32.14,75,0,0,0,0,0,0,0,4,1,2,2,2,2,2,0,1
30/11/20,22.22,37.5,32.14,75,0,0,0,0,0,0,0,4,1,2,2,2,2,2,0,1
1/12/20,22.22,37.5,32.14,75,0,0,0,0,0,0,0,4,1,2,2,2,2,2,0,1
2/12/20,22.22,37.5,32.14,75,0,0,0,0,0,0,0,4,1,2,2,2,2,2,0,1
3/12/20,22.22,37.5,32.14,75,0,0,0,0,0,0,0,4,1,2,2,2,2,2,0,1
4/12/20,22.22,37.5,32.14,75,0,0,0,0,0,0,0,4,1,2,2,2,2,2,0,1
5/12/20,22.22,37.5,32.14,75,0,0,0,0,0,0,0,4,1,2,2,2,2,2,0,1
6/12/20,22.22,37.5,32.14,75,0,0,0,0,0,0,0,4,1,2,2,2,2,2,0,1
7/12/20,22.22,37.5,32.14,75,0,0,0,0,0,0,0,4,1,2,2,2,2,2,0,1
8/12/20,22.22,37.5,32.14,75,0,0,0,0,0,0,0,4,1,2,2,2,2,2,0,1
9/12/20,22.22,37.5,32.14,75,0,0,0,0,0,0,0,4,1,2,2,2,2,2,0,1
10/12/20,22.22,37.5,32.14,75,0,0,0,0,0,0,0,4,1,2,2,2,2,2,0,1
11/12/20,22.22,37.5,32.14,75,0,0,0,0,0,0,0,4,1,2,2,2,2,2,0,1
12/12/20,22.22,37.5,32.14,75,0,0,0,0,0,0,0,4,1,2,2,2,2,2,0,1
13/12/20,22.22,37.5,32.14,75,0,0,0,0,0,0,0,4,1,2,2,2,2,2,0,1
14/12/20,22.22,37.5,32.14,75,0,0,0,0,0,0,0,4,1,2,2,2,2,2,0,1
15/12/20,22.22,37.5,32.14,75,0,0,0,0,0,0,0,4,1,2,2,2,2,2,0,1
16/12/20,22.22,37.5,32.14,75,0,0,0,0,0,0,0,4,1,2,2,2,2,2,0,1
17/12/20,22.22,37.5,32.14,75,0,0,0,0,0,0,0,4,1,2,2,2,2,2,0,1
18/12/20,22.22,37.5,32.14,75,0,0,0,0,0,0,0,4,1,2,2,2,2,2,0,1
19/12/20,22.22,37.5,32.14,75,0,0,0,0,0,0,0,4,1,2,2,2,2,2,0,1
20/12/20,22.22,37.5,32.14,75,0,0,0,0,0,0,0,4,1,2,2,2,2,2,0,1
21/12/20,22.22,37.5,32.14,75,0,0,0,0,0,0,0,4,1,2,2,2,2,2,0,1
22/12/20,22.22,37.5,32.14,75,0,0,0,0,0,0,0,4,1,2,2,2,2,2,0,1
23/12/20,22.22,37.5,32.14,75,0,0,0,0,0,0,0,4,1,2,2,2,2,2,0,1
24/12/20,22.22,37.5,32.14,75,0,0,0,0,0,0,0,4,1,2,2,2,2,2,0,1
25/12/20,22.22,37.5,32.14,75,0,0,0,0,0,0,0,4,1,2,2,2,2,2,0,1
26/12/20,22.22,37.5,32.14,75,0,0,0,0,0,0,0,4,1,2,2,2,2,2,0,1
27/12/20,22.22,37.5,32.14,75,0,0,0,0,0,0,0,4,1,2,2,2,2,2,0,1
28/12/20,22.22,37.5,32.14,75,0,0,0,0,0,0,0,4,1,2,2,2,2,2,0,1
29/12/20,22.22,37.5,32.14,75,0,0,0,0,0,0,0,4,1,2,2,2,2,2,0,1
30/12/20,22.22,37.5,32.14,75,0,0,0,0,0,0,0,4,1,2,2,2,2,2,0,1
31/12/20,22.22,37.5,32.14,75,0,0,0,0,0,0,0,4,1,2,2,2,2,2,0,1
1/1/21,22.22,39.58,34.52,75,0,0,0,0,0,0,0,4,1,2,2,3,2,2,0,1
2/1/21,22.22,39.58,34.52,75,0,0,0,0,0,0,0,4,1,2,2,3,2,2,0,1
3/1/21,22.22,39.58,34.52,75,0,0,0,0,0,0,0,4,1,2,2,3,2,2,0,1
4/1/21,22.22,39.58,34.52,75,0,0,0,0,0,0,0,4,1,2,2,3,2,2,0,1
5/1/21,22.22,39.58,34.52,75,0,0,0,0,0,0,0,4,1,2,2,3,2,2,0,1
6/1/21,22.22,39.58,34.52,75,0,0,0,0,0,0,0,4,1,2,2,3,2,2,0,1
7/1/21,22.22,39.58,34.52,75,0,0,0,0,0,0,0,4,1,2,2,3,2,2,0,1
8/1/21,22.22,39.58,34.52,75,0,0,0,0,0,0,0,4,1,2,2,3,2,2,0,1
9/1/21,22.22,39.58,34.52,75,0,0,0,0,0,0,0,4,1,2,2,3,2,2,0,1
10/1/21,22.22,39.58,34.52,75,0,0,0,0,0,0,0,4,1,2,2,3,2,2,0,1
11/1/21,22.22,39.58,34.52,75,0,0,0,0,0,0,0,4,1,2,2,3,2,2,0,1
12/1/21,22.22,39.58,34.52,75,0,0,0,0,0,0,0,4,1,2,2,3,2,2,0,1
13/1/21,22.22,39.58,34.52,75,0,0,0,0,0,0,0,4,1,2,2,3,2,2,0,1
14/1/21,22.22,39.58,34.52,75,0,0,0,0,0,0,0,4,1,2,2,3,2,2,0,1
15/1/21,22.22,39.58,34.52,75,0,0,0,0,0,0,0,4,1,2,2,3,2,2,0,1
16/1/21,22.22,39.58,34.52,75,0,0,0,0,0,0,0,4,1,2,2,3,2,2,0,1
17/1/21,22.22,39.58,34.52,75,0,0,0,0,0,0,0,4,1,2,2,3,2,2,0,1
18/1/21,22.22,39.58,34.52,75,0,0,0,0,0,0,0,4,1,2,2,3,2,2,0,1
19/1/21,22.22,39.58,34.52,75,0,0,0,0,0,0,0,4,1,2,2,3,2,2,0,1
20/1/21,22.22,35.42,29.76,75,0,0,0,0,0,0,0,4,1,2,2,2,2,2,0,0
21/1/21,22.22,35.42,29.76,75,0,0,0,0,0,0,0,4,1,2,2,2,2,2,0,0
22/1/21,22.22,35.42,29.76,75,0,0,0,0,0,0,0,4,1,2,2,2,2,2,0,0
23/1/21,22.22,35.42,29.76,75,0,0,0,0,0,0,0,4,1,2,2,2,2,2,0,0
24/1/21,22.22,35.42,29.76,75,0,0,0,0,0,0,0,4,1,2,2,2,2,2,0,0
25/1/21,22.22,35.42,29.76,75,0,0,0,0,0,0,0,4,1,2,2,2,2,2,0,0
26/1/21,22.22,35.42,29.76,75,0,0,0,0,0,0,0,4,1,2,2,2,2,2,0,0
27/1/21,22.22,35.42,29.76,75,0,0,0,0,0,0,0,4,1,2,2,2,2,2,0,0
28/1/21,22.22,35.42,29.76,75,0,0,0,0,0,0,0,4,1,2,2,2,2,2,0,0
29/1/21,22.22,35.42,29.76,75,0,0,0,0,0,0,0,4,1,2,2,2,2,2,0,0
30/1/21,22.22,35.42,29.76,75,0,0,0,0,0,0,0,4,1,2,2,2,2,2,0,0
31/1/21,22.22,35.42,29.76,75,0,0,0,0,0,0,0,4,1,2,2,2,2,2,0,0
1/2/21,22.22,35.42,29.76,75,0,0,0,0,0,0,0,4,1,2,2,2,2,2,0,0
2/2/21,22.22,35.42,29.76,75,0,0,0,0,0,0,0,4,1,2,2,2,2,2,0,0
3/2/21,22.22,35.42,29.76,75,0,0,0,0,0,0,0,4,1,2,2,2,2,2,0,0
4/2/21,22.22,35.42,29.76,75,0,0,0,0,0,0,0,4,1,2,2,2,2,2,0,0
5/2/21,22.22,35.42,29.76,75,0,0,0,0,0,0,0,4,1,2,2,2,2,2,0,0
6/2/21,22.22,35.42,29.76,75,0,0,0,0,0,0,0,4,1,2,2,2,2,2,0,0
7/2/21,22.22,35.42,29.76,75,0,0,0,0,0,0,0,4,1,2,2,2,2,2,0,0
8/2/21,22.22,35.42,29.76,75,0,0,0,0,0,0,0,4,1,2,2,2,2,2,0,0
9/2/21,22.22,35.42,29.76,75,0,0,0,0,0,0,0,4,1,2,2,2,2,2,0,0
10/2/21,22.22,35.42,29.76,75,0,0,0,0,0,0,0,4,1,2,2,2,2,2,0,0
11/2/21,22.22,35.42,29.76,75,0,0,0,0,0,0,0,4,1,2,2,2,2,2,0,0
12/2/21,22.22,35.42,29.76,75,0,0,0,0,0,0,0,4,1,2,2,2,2,2,0,0
13/2/21,22.22,35.42,29.76,75,0,0,0,0,0,0,0,4,1,2,2,2,2,2,0,0
14/2/21,22.22,35.42,29.76,75,0,0,0,0,0,0,0,4,1,2,2,2,2,2,0,0
15/2/21,62.5,58.07,55.65,75,2,2,2,4,0,0,2,4,1,2,2,2,2,2,0,0
16/2/21,62.5,58.07,55.65,75,2,2,2,4,0,0,2,4,1,2,2,2,2,2,0,0
17/2/21,62.5,58.07,55.65,75,2,2,2,4,0,0,2,4,1,2,2,2,2,2,0,0
18/2/21,39.35,45.05,40.77,75,0,1,2,3,0,0,0,4,1,2,2,2,2,2,0,0
19/2/21,39.35,46.3,42.2,75,0,1,2,3,0,0,0,4,1,2,2,2,2,2,1,0
20/2/21,39.35,46.3,42.2,75,0,1,2,3,0,0,0,4,1,2,2,2,2,2,1,0
21/2/21,39.35,46.3,42.2,75,0,1,2,3,0,0,0,4,1,2,2,2,2,2,1,0
22/2/21,39.35,46.3,42.2,75,0,1,2,3,0,0,0,4,1,2,2,2,2,2,1,0
23/2/21,22.22,36.67,31.19,75,0,0,0,0,0,0,0,4,1,2,2,2,2,2,1,0
24/2/21,22.22,36.67,31.19,75,0,0,0,0,0,0,0,4,1,2,2,2,2,2,1,0
25/2/21,22.22,36.67,31.19,75,0,0,0,0,0,0,0,4,1,2,2,2,2,2,1,0
26/2/21,22.22,36.67,31.19,75,0,0,0,0,0,0,0,4,1,2,2,2,2,2,1,0
27/2/21,22.22,36.67,31.19,75,0,0,0,0,0,0,0,4,1,2,2,2,2,2,1,0
28/2/21,62.5,59.32,57.08,75,2,2,2,4,0,0,2,4,1,2,2,2,2,2,1,0
1/3/21,62.5,59.32,57.08,75,2,2,2,4,0,0,2,4,1,2,2,2,2,2,1,0
2/3/21,62.5,59.32,57.08,75,2,2,2,4,0,0,2,4,1,2,2,2,2,2,1,0
3/3/21,62.5,59.32,57.08,75,2,2,2,4,0,0,2,4,1,2,2,2,2,2,1,0
4/3/21,62.5,59.32,57.08,75,2,2,2,4,0,0,2,4,1,2,2,2,2,2,1,0
5/3/21,62.5,59.32,57.08,75,2,2,2,4,0,0,2,4,1,2,2,2,2,2,1,0
6/3/21,62.5,59.32,57.08,75,2,2,2,4,0,0,2,4,1,2,2,2,2,2,1,0
7/3/21,36.57,44.74,40.42,75,0,1,2,2,0,0,0,4,1,2,2,2,2,2,1,0
8/3/21,36.57,44.74,40.42,75,0,1,2,2,0,0,0,4,1,2,2,2,2,2,1,0
9/3/21,36.57,44.74,40.42,75,0,1,2,2,0,0,0,4,1,2,2,2,2,2,1,0
10/3/21,36.57,44.74,40.42,75,0,1,2,2,0,0,0,4,1,2,2,2,2,2,1,0
11/3/21,36.57,44.74,40.42,75,0,1,2,2,0,0,0,4,1,2,2,2,2,2,1,0
12/3/21,22.22,36.67,31.19,75,0,0,0,0,0,0,0,4,1,2,2,2,2,2,1,0
13/3/21,22.22,36.67,31.19,75,0,0,0,0,0,0,0,4,1,2,2,2,2,2,1,0
14/3/21,22.22,36.67,31.19,75,0,0,0,0,0,0,0,4,1,2,2,2,2,2,1,0
15/3/21,22.22,36.67,31.19,75,0,0,0,0,0,0,0,4,1,2,2,2,2,2,1,0
16/3/21,22.22,36.67,31.19,75,0,0,0,0,0,0,0,4,1,2,2,2,2,2,1,0
17/3/21,22.22,36.67,31.19,75,0,0,0,0,0,0,0,4,1,2,2,2,2,2,1,0
18/3/21,22.22,36.67,31.19,75,0,0,0,0,0,0,0,4,1,2,2,2,2,2,1,0
19/3/21,22.22,37.92,32.62,75,0,0,0,0,0,0,0,4,1,2,2,2,2,2,2,0
20/3/21,22.22,37.92,32.62,75,0,0,0,0,0,0,0,4,1,2,2,2,2,2,2,0
21/3/21,22.22,37.92,32.62,75,0,0,0,0,0,0,0,4,1,2,2,2,2,2,2,0
22/3/21,22.22,37.92,32.62,75,0,0,0,0,0,0,0,4,1,2,2,2,2,2,2,0
23/3/21,22.22,37.92,32.62,75,0,0,0,0,0,0,0,4,1,2,2,2,2,2,2,0
24/3/21,22.22,37.92,32.62,75,0,0,0,0,0,0,0,4,1,2,2,2,2,2,2,0
25/3/21,22.22,37.92,32.62,75,0,0,0,0,0,0,0,4,1,2,2,2,2,2,2,0
26/3/21,22.22,37.92,32.62,75,0,0,0,0,0,0,0,4,1,2,2,2,2,2,2,0
27/3/21,22.22,37.92,32.62,75,0,0,0,0,0,0,0,4,1,2,2,2,2,2,2,0
28/3/21,22.22,37.92,32.62,75,0,0,0,0,0,0,0,4,1,2,2,2,2,2,2,0
29/3/21,22.22,37.92,32.62,75,0,0,0,0,0,0,0,4,1,2,2,2,2,2,2,0
30/3/21,22.22,37.92,32.62,75,0,0,0,0,0,0,0,4,1,2,2,2,2,2,2,0
31/3/21,22.22,37.92,32.62,75,0,0,0,0,0,0,0,4,1,2,2,2,2,2,2,0
1/4/21,22.22,37.92,32.62,75,0,0,0,0,0,0,0,4,1,2,2,2,2,2,2,0
2/4/21,22.22,37.92,32.62,75,0,0,0,0,0,0,0,4,1,2,2,2,2,2,2,0
3/4/21,22.22,37.92,32.62,75,0,0,0,0,0,0,0,4,1,2,2,2,2,2,2,0
4/4/21,22.22,37.92,32.62,75,0,0,0,0,0,0,0,4,1,2,2,2,2,2,2,0
5/4/21,22.22,37.92,32.62,75,0,0,0,0,0,0,0,4,1,2,2,2,2,2,2,0
6/4/21,22.22,37.92,32.62,75,0,0,0,0,0,0,0,4,1,2,2,2,2,2,2,0
7/4/21,22.22,37.92,32.62,75,0,0,0,0,0,0,0,4,1,2,2,2,2,2,2,0
8/4/21,22.22,37.92,32.62,75,0,0,0,0,0,0,0,4,1,2,2,2,2,2,2,0
9/4/21,22.22,37.92,32.62,75,0,0,0,0,0,0,0,4,1,2,2,2,2,2,2,0
10/4/21,22.22,37.92,32.62,75,0,0,0,0,0,0,0,4,1,2,2,2,2,2,2,0
11/4/21,22.22,37.92,32.62,75,0,0,0,0,0,0,0,4,1,2,2,2,2,2,2,0
12/4/21,22.22,37.92,32.62,75,0,0,0,0,0,0,0,4,1,2,2,2,2,2,2,0
13/4/21,22.22,37.92,32.62,75,0,0,0,0,0,0,0,4,1,2,2,2,2,2,2,0
14/4/21,22.22,37.92,32.62,75,0,0,0,0,0,0,0,4,1,2,2,2,2,2,2,0
15/4/21,22.22,37.92,32.62,75,0,0,0,0,0,0,0,4,1,2,2,2,2,2,2,0
16/4/21,22.22,37.92,32.62,75,0,0,0,0,0,0,0,4,1,2,2,2,2,2,2,0
17/4/21,22.22,37.92,32.62,75,0,0,0,0,0,0,0,4,1,2,2,2,2,2,2,0
18/4/21,22.22,37.92,32.62,75,0,0,0,0,0,0,0,4,1,2,2,2,2,2,2,0
19/4/21,22.22,37.92,32.62,75,0,0,0,0,0,0,0,4,1,2,2,2,2,2,2,0
20/4/21,22.22,37.92,32.62,75,0,0,0,0,0,0,0,4,1,2,2,2,2,2,2,0
21/4/21,22.22,37.92,32.62,75,0,0,0,0,0,0,0,4,1,2,2,2,2,2,2,0
22/4/21,22.22,37.92,32.62,75,0,0,0,0,0,0,0,4,1,2,2,2,2,2,2,0
23/4/21,22.22,37.92,32.62,75,0,0,0,0,0,0,0,4,1,2,2,2,2,2,2,0
24/4/21,22.22,37.92,32.62,75,0,0,0,0,0,0,0,4,1,2,2,2,2,2,2,0
25/4/21,22.22,37.92,32.62,75,0,0,0,0,0,0,0,4,1,2,2,2,2,2,2,0
26/4/21,22.22,37.92,32.62,75,0,0,0,0,0,0,0,4,1,2,2,2,2,2,2,0
27/4/21,22.22,40.42,35.48,75,0,0,0,0,0,0,0,4,1,2,2,2,2,2,4,0
28/4/21,22.22,40.42,35.48,75,0,0,0,0,0,0,0,4,1,2,2,2,2,2,4,0
29/4/21,22.22,40.42,35.48,75,0,0,0,0,0,0,0,4,1,2,2,2,2,2,4,0
30/4/21,22.22,40.42,35.48,75,0,0,0,0,0,0,0,4,1,2,2,2,2,2,4,0
1/5/21,22.22,40.42,35.48,75,0,0,0,0,0,0,0,4,1,2,2,2,2,2,4,0
2/5/21,22.22,40.42,35.48,75,0,0,0,0,0,0,0,4,1,2,2,2,2,2,4,0
3/5/21,22.22,40.42,35.48,75,0,0,0,0,0,0,0,4,1,2,2,2,2,2,4,0
4/5/21,22.22,40.42,35.48,75,0,0,0,0,0,0,0,4,1,2,2,2,2,2,4,0
5/5/21,22.22,40.42,35.48,75,0,0,0,0,0,0,0,4,1,2,2,2,2,2,4,0
6/5/21,22.22,40.42,35.48,75,0,0,0,0,0,0,0,4,1,2,2,2,2,2,4,0
7/5/21,22.22,40.42,35.48,75,0,0,0,0,0,0,0,4,1,2,2,2,2,2,4,0
8/5/21,22.22,40.42,35.48,75,0,0,0,0,0,0,0,4,1,2,2,2,2,2,4,0
9/5/21,22.22,40.42,35.48,75,0,0,0,0,0,0,0,4,1,2,2,2,2,2,4,0
10/5/21,22.22,40.42,35.48,75,0,0,0,0,0,0,0,4,1,2,2,2,2,2,4,0
11/5/21,22.22,40.42,35.48,75,0,0,0,0,0,0,0,4,1,2,2,2,2,2,4,0
12/5/21,22.22,40.42,35.48,75,0,0,0,0,0,0,0,4,1,2,2,2,2,2,4,0
13/5/21,22.22,40.42,35.48,75,0,0,0,0,0,0,0,4,1,2,2,2,2,2,4,0
14/5/21,22.22,37.92,32.62,75,0,0,0,0,0,0,0,4,1,2,2,2,2,2,2,0
15/5/21,22.22,37.92,32.62,75,0,0,0,0,0,0,0,4,1,2,2,2,2,2,2,0
16/5/21,22.22,37.92,32.62,75,0,0,0,0,0,0,0,4,1,2,2,2,2,2,2,0
17/5/21,22.22,37.92,32.62,75,0,0,0,0,0,0,0,4,1,2,2,2,2,2,2,0
18/5/21,22.22,37.92,32.62,75,0,0,0,0,0,0,0,4,1,2,2,2,2,2,2,0
19/5/21,22.22,37.92,32.62,75,0,0,0,0,0,0,0,4,1,2,2,2,2,2,2,0
20/5/21,22.22,37.92,32.62,75,0,0,0,0,0,0,0,4,1,2,2,2,2,2,2,0
21/5/21,22.22,37.92,32.62,75,0,0,0,0,0,0,0,4,1,2,2,2,2,2,2,0
22/5/21,22.22,37.92,32.62,75,0,0,0,0,0,0,0,4,1,2,2,2,2,2,2,0
23/5/21,22.22,37.92,32.62,75,0,0,0,0,0,0,0,4,1,2,2,2,2,2,2,0
24/5/21,22.22,37.92,32.62,75,0,0,0,0,0,0,0,4,1,2,2,2,2,2,2,0
25/5/21,22.22,37.92,32.62,75,0,0,0,0,0,0,0,4,1,2,2,2,2,2,2,0
26/5/21,22.22,37.92,32.62,75,0,0,0,0,0,0,0,4,1,2,2,2,2,2,2,0
27/5/21,22.22,37.92,32.62,75,0,0,0,0,0,0,0,4,1,2,2,2,2,2,2,0
28/5/21,22.22,37.92,32.62,75,0,0,0,0,0,0,0,4,1,2,2,2,2,2,2,0
29/5/21,22.22,37.92,32.62,75,0,0,0,0,0,0,0,4,1,2,2,2,2,2,2,0
30/5/21,22.22,37.92,32.62,75,0,0,0,0,0,0,0,4,1,2,2,2,2,2,2,0
31/5/21,22.22,37.92,32.62,75,0,0,0,0,0,0,0,4,1,2,2,2,2,2,2,0
1/6/21,22.22,39.17,34.05,75,0,0,0,0,0,0,0,4,1,2,2,2,2,2,3,0
2/6/21,22.22,39.17,34.05,75,0,0,0,0,0,0,0,4,1,2,2,2,2,2,3,0
3/6/21,22.22,39.17,34.05,75,0,0,0,0,0,0,0,4,1,2,2,2,2,2,3,0
4/6/21,22.22,39.17,34.05,75,0,0,0,0,0,0,0,4,1,2,2,2,2,2,3,0
5/6/21,22.22,39.17,34.05,75,0,0,0,0,0,0,0,4,1,2,2,2,2,2,3,0
6/6/21,22.22,39.17,34.05,75,0,0,0,0,0,0,0,4,1,2,2,2,2,2,3,0
7/6/21,22.22,39.17,34.05,75,0,0,0,0,0,0,0,4,1,2,2,2,2,2,3,0
8/6/21,22.22,39.17,34.05,75,0,0,0,0,0,0,0,4,1,2,2,2,2,2,3,0
9/6/21,22.22,39.17,34.05,75,0,0,0,0,0,0,0,4,1,2,2,2,2,2,3,0
10/6/21,22.22,39.17,34.05,75,0,0,0,0,0,0,0,4,1,2,2,2,2,2,3,0
11/6/21,22.22,39.17,34.05,75,0,0,0,0,0,0,0,4,1,2,2,2,2,2,3,0
12/6/21,22.22,39.17,34.05,75,0,0,0,0,0,0,0,4,1,2,2,2,2,2,3,0
13/6/21,22.22,39.17,34.05,75,0,0,0,0,0,0,0,4,1,2,2,2,2,2,3,0
14/6/21,22.22,39.17,34.05,75,0,0,0,0,0,0,0,4,1,2,2,2,2,2,3,0
15/6/21,22.22,39.17,34.05,75,0,0,0,0,0,0,0,4,1,2,2,2,2,2,3,0
16/6/21,22.22,39.17,34.05,75,0,0,0,0,0,0,0,4,1,2,2,2,2,2,3,0
17/6/21,22.22,39.17,34.05,75,0,0,0,0,0,0,0,4,1,2,2,2,2,2,3,0
18/6/21,22.22,39.17,34.05,75,0,0,0,0,0,0,0,4,1,2,2,2,2,2,3,0
19/6/21,22.22,39.17,34.05,75,0,0,0,0,0,0,0,4,1,2,2,2,2,2,3,0
20/6/21,22.22,39.17,34.05,75,0,0,0,0,0,0,0,4,1,2,2,2,2,2,3,0
21/6/21,22.22,39.17,34.05,75,0,0,0,0,0,0,0,4,1,2,2,2,2,2,3,0
22/6/21,22.22,39.17,34.05,75,0,0,0,0,0,0,0,4,1,2,2,2,2,2,3,0
23/6/21,22.22,39.17,34.05,75,0,0,0,0,0,0,0,4,1,2,2,2,2,2,3,0
24/6/21,22.22,39.17,34.05,75,0,0,0,0,0,0,0,4,1,2,2,2,2,2,3,0
25/6/21,22.22,39.17,34.05,75,0,0,0,0,0,0,0,4,1,2,2,2,2,2,3,0
26/6/21,22.22,39.17,34.05,75,0,0,0,0,0,0,0,4,1,2,2,2,2,2,3,0
27/6/21,22.22,39.17,34.05,75,0,0,0,0,0,0,0,4,1,2,2,2,2,2,3,0
28/6/21,22.22,39.17,34.05,75,0,0,0,0,0,0,0,4,1,2,2,2,2,2,3,0
29/6/21,22.22,39.17,34.05,75,0,0,0,0,0,0,0,4,1,2,2,2,2,2,3,0
30/6/21,22.22,39.17,34.05,75,0,0,0,0,0,0,0,4,1,2,2,2,2,2,3,0
1/7/21,22.22,39.17,34.05,75,0,0,0,0,0,0,0,4,1,2,2,2,2,2,3,0
2/7/21,22.22,39.17,34.05,75,0,0,0,0,0,0,0,4,1,2,2,2,2,2,3,0
3/7/21,22.22,39.17,34.05,75,0,0,0,0,0,0,0,4,1,2,2,2,2,2,3,0
4/7/21,22.22,39.17,34.05,75,0,0,0,0,0,0,0,4,1,2,2,2,2,2,3,0
5/7/21,22.22,39.17,34.05,75,0,0,0,0,0,0,0,4,1,2,2,2,2,2,3,0
6/7/21,22.22,39.17,34.05,75,0,0,0,0,0,0,0,4,1,2,2,2,2,2,3,0
7/7/21,22.22,39.17,34.05,75,0,0,0,0,0,0,0,4,1,2,2,2,2,2,3,0
8/7/21,22.22,39.17,34.05,75,0,0,0,0,0,0,0,4,1,2,2,2,2,2,3,0
9/7/21,22.22,39.17,34.05,75,0,0,0,0,0,0,0,4,1,2,2,2,2,2,3,0
10/7/21,22.22,39.17,34.05,75,0,0,0,0,0,0,0,4,1,2,2,2,2,2,3,0
11/7/21,22.22,39.17,34.05,75,0,0,0,0,0,0,0,4,1,2,2,2,2,2,3,0
12/7/21,22.22,39.17,34.05,75,0,0,0,0,0,0,0,4,1,2,2,2,2,2,3,0
13/7/21,22.22,39.17,34.05,75,0,0,0,0,0,0,0,4,1,2,2,2,2,2,3,0
14/7/21,22.22,39.17,34.05,75,0,0,0,0,0,0,0,4,1,2,2,2,2,2,3,0
15/7/21,22.22,39.17,34.05,75,0,0,0,0,0,0,0,4,1,2,2,2,2,2,3,0
16/7/21,22.22,39.17,34.05,75,0,0,0,0,0,0,0,4,1,2,2,2,2,2,3,0
17/7/21,22.22,39.17,34.05,75,0,0,0,0,0,0,0,4,1,2,2,2,2,2,3,0
18/7/21,22.22,39.17,34.05,75,0,0,0,0,0,0,0,4,1,2,2,2,2,2,3,0
19/7/21,22.22,39.17,34.05,75,0,0,0,0,0,0,0,4,1,2,2,2,2,2,3,0
20/7/21,22.22,39.17,34.05,75,0,0,0,0,0,0,0,4,1,2,2,2,2,2,3,0
21/7/21,22.22,39.17,34.05,75,0,0,0,0,0,0,0,4,1,2,2,2,2,2,3,0
22/7/21,22.22,39.17,34.05,75,0,0,0,0,0,0,0,4,1,2,2,2,2,2,3,0
23/7/21,22.22,39.17,34.05,75,0,0,0,0,0,0,0,4,1,2,2,2,2,2,3,0
24/7/21,22.22,39.17,34.05,75,0,0,0,0,0,0,0,4,1,2,2,2,2,2,3,0
25/7/21,22.22,39.17,34.05,75,0,0,0,0,0,0,0,4,1,2,2,2,2,2,3,0
26/7/21,22.22,39.17,34.05,75,0,0,0,0,0,0,0,4,1,2,2,2,2,2,3,0
27/7/21,22.22,39.17,34.05,75,0,0,0,0,0,0,0,4,1,2,2,2,2,2,3,0
28/7/21,22.22,40.42,35.48,75,0,0,0,0,0,0,0,4,1,2,2,2,2,2,4,0
29/7/21,22.22,40.42,35.48,75,0,0,0,0,0,0,0,4,1,2,2,2,2,2,4,0
30/7/21,22.22,40.42,35.48,75,0,0,0,0,0,0,0,4,1,2,2,2,2,2,4,0
31/7/21,22.22,40.42,35.48,75,0,0,0,0,0,0,0,4,1,2,2,2,2,2,4,0
1/8/21,22.22,40.42,35.48,75,0,0,0,0,0,0,0,4,1,2,2,2,2,2,4,0
2/8/21,22.22,40.42,35.48,75,0,0,0,0,0,0,0,4,1,2,2,2,2,2,4,0
3/8/21,22.22,40.42,35.48,75,0,0,0,0,0,0,0,4,1,2,2,2,2,2,4,0
4/8/21,22.22,40.42,35.48,75,0,0,0,0,0,0,0,4,1,2,2,2,2,2,4,0
5/8/21,22.22,40.42,35.48,75,0,0,0,0,0,0,0,4,1,2,2,2,2,2,4,0
6/8/21,22.22,40.42,35.48,75,0,0,0,0,0,0,0,4,1,2,2,2,2,2,4,0
7/8/21,22.22,40.42,35.48,75,0,0,0,0,0,0,0,4,1,2,2,2,2,2,4,0
8/8/21,22.22,40.42,35.48,75,0,0,0,0,0,0,0,4,1,2,2,2,2,2,4,0
9/8/21,22.22,40.42,35.48,75,0,0,0,0,0,0,0,4,1,2,2,2,2,2,4,0
10/8/21,22.22,40.42,35.48,75,0,0,0,0,0,0,0,4,1,2,2,2,2,2,4,0
11/8/21,22.22,40.42,35.48,75,0,0,0,0,0,0,0,4,1,2,2,2,2,2,4,0
12/8/21,22.22,40.42,35.48,75,0,0,0,0,0,0,0,4,1,2,2,2,2,2,4,0
13/8/21,22.22,40.42,35.48,75,0,0,0,0,0,0,0,4,1,2,2,2,2,2,4,0
14/8/21,22.22,40.42,35.48,75,0,0,0,0,0,0,0,4,1,2,2,2,2,2,4,0
15/8/21,22.22,40.42,35.48,75,0,0,0,0,0,0,0,4,1,2,2,2,2,2,4,0
16/8/21,22.22,40.42,35.48,75,0,0,0,0,0,0,0,4,1,2,2,2,2,2,4,0
17/8/21,96.3,88.33,90.24,75,3,3,2,4,2,2,2,4,1,2,2,2,2,2,4,3
18/8/21,96.3,88.33,90.24,75,3,3,2,4,2,2,2,4,1,2,2,2,2,2,4,3
19/8/21,96.3,88.33,90.24,75,3,3,2,4,2,2,2,4,1,2,2,2,2,2,4,3
20/8/21,96.3,88.33,90.24,75,3,3,2,4,2,2,2,4,1,2,2,2,2,2,4,3
21/8/21,96.3,88.33,90.24,75,3,3,2,4,2,2,2,4,1,2,2,2,2,2,4,3
22/8/21,96.3,88.33,90.24,75,3,3,2,4,2,2,2,4,1,2,2,2,2,2,4,3
23/8/21,96.3,88.33,90.24,75,3,3,2,4,2,2,2,4,1,2,2,2,2,2,4,3
24/8/21,96.3,88.33,90.24,75,3,3,2,4,2,2,2,4,1,2,2,2,2,2,4,3
25/8/21,96.3,89.9,92.02,75,3,3,2,4,2,2,2,4,1,2,2,2,2,3,4,3
26/8/21,96.3,89.9,92.02,75,3,3,2,4,2,2,2,4,1,2,2,2,2,3,4,3
27/8/21,96.3,89.9,92.02,75,3,3,2,4,2,2,2,4,1,2,2,2,2,3,4,3
28/8/21,96.3,89.9,92.02,75,3,3,2,4,2,2,2,4,1,2,2,2,2,3,4,3
29/8/21,96.3,89.9,92.02,75,3,3,2,4,2,2,2,4,1,2,2,2,2,3,4,3
30/8/21,96.3,89.9,92.02,75,3,3,2,4,2,2,2,4,1,2,2,2,2,3,4,3
31/8/21,96.3,89.9,92.02,75,3,3,2,4,2,2,2,4,1,2,2,2,2,3,4,3
1/9/21,96.3,91.15,93.45,75,3,3,2,4,2,2,2,4,1,2,2,2,2,3,5,3
2/9/21,96.3,91.15,93.45,75,3,3,2,4,2,2,2,4,1,2,2,2,2,3,5,3
3/9/21,96.3,91.15,93.45,75,3,3,2,4,2,2,2,4,1,2,2,2,2,3,5,3
4/9/21,96.3,91.15,93.45,75,3,3,2,4,2,2,2,4,1,2,2,2,2,3,5,3
5/9/21,96.3,91.15,93.45,75,3,3,2,4,2,2,2,4,1,2,2,2,2,3,5,3
6/9/21,96.3,91.15,93.45,75,3,3,2,4,2,2,2,4,1,2,2,2,2,3,5,3
7/9/21,81.02,80.73,81.55,75,3,3,2,4,2,2,2,4,1,2,2,2,2,3,5,3
8/9/21,81.02,80.73,81.55,75,3,3,2,4,2,2,2,4,1,2,2,2,2,3,5,3
9/9/21,81.02,80.73,81.55,75,3,3,2,4,2,2,2,4,1,2,2,2,2,3,5,3
10/9/21,81.02,80.73,81.55,75,3,3,2,4,2,2,2,4,1,2,2,2,2,3,5,3
11/9/21,81.02,80.73,81.55,75,3,3,2,4,2,2,2,4,1,2,2,2,2,3,5,3
12/9/21,81.02,80.73,81.55,75,3,3,2,4,2,2,2,4,1,2,2,2,2,3,5,3
13/9/21,81.02,80.73,81.55,75,3,3,2,4,2,2,2,4,1,2,2,2,2,3,5,3
14/9/21,81.02,80.73,81.55,75,3,3,2,4,2,2,2,4,1,2,2,2,2,3,5,3
15/9/21,81.02,80.73,81.55,75,3,3,2,4,2,2,2,4,1,2,2,2,2,3,5,3
16/9/21,81.02,80.73,81.55,75,3,3,2,4,2,2,2,4,1,2,2,2,2,3,5,3
17/9/21,81.02,80.73,81.55,75,3,3,2,4,2,2,2,4,1,2,2,2,2,3,5,3
18/9/21,81.02,80.73,81.55,75,3,3,2,4,2,2,2,4,1,2,2,2,2,3,5,3
19/9/21,81.02,80.73,81.55,75,3,3,2,4,2,2,2,4,1,2,2,2,2,3,5,3
20/9/21,81.02,80.73,81.55,75,3,3,2,4,2,2,2,4,1,2,2,2,2,3,5,3
21/9/21,81.02,80.73,81.55,75,3,3,2,4,2,2,2,4,1,2,2,2,2,3,5,3
22/9/21,81.02,80.73,81.55,75,3,3,2,4,2,2,2,4,1,2,2,2,2,3,5,3
23/9/21,81.02,80.73,81.55,75,3,3,2,4,2,2,2,4,1,2,2,2,2,3,5,3
24/9/21,81.02,80.73,81.55,75,3,3,2,4,2,2,2,4,1,2,2,2,2,3,5,3
25/9/21,81.02,80.73,81.55,75,3,3,2,4,2,2,2,4,1,2,2,2,2,3,5,3
26/9/21,81.02,80.73,81.55,75,3,3,2,4,2,2,2,4,1,2,2,2,2,3,5,3
27/9/21,81.02,80.73,81.55,75,3,3,2,4,2,2,2,4,1,2,2,2,2,3,5,3
28/9/21,81.02,80.73,81.55,75,3,3,2,4,2,2,2,4,1,2,2,2,2,3,5,3
29/9/21,81.02,80.73,81.55,75,3,3,2,4,2,2,2,4,1,2,2,2,2,3,5,3
30/9/21,81.02,80.73,81.55,75,3,3,2,4,2,2,2,4,1,2,2,2,2,3,5,3
1/10/21,81.02,80.73,81.55,75,3,3,2,4,2,2,2,4,1,2,2,2,2,3,5,3
2/10/21,81.02,80.73,81.55,75,3,3,2,4,2,2,2,4,1,2,2,2,2,3,5,3
3/10/21,81.02,80.73,81.55,75,3,3,2,4,2,2,2,4,1,2,2,2,2,3,5,3
4/10/21,81.02,80.73,81.55,75,3,3,2,4,2,2,2,4,1,2,2,2,2,3,5,3
5/10/21,81.02,80.73,81.55,75,3,3,2,4,2,2,2,4,1,2,2,2,2,3,5,3
6/10/21,81.02,80.73,81.55,75,3,3,2,4,2,2,2,4,1,2,2,2,2,3,5,3
7/10/21,81.02,80.73,81.55,75,3,3,2,4,2,2,2,4,1,2,2,2,2,3,5,3
8/10/21,81.02,80.73,81.55,75,3,3,2,4,2,2,2,4,1,2,2,2,2,3,5,3
9/10/21,81.02,80.73,81.55,75,3,3,2,4,2,2,2,4,1,2,2,2,2,3,5,3
10/10/21,81.02,80.73,81.55,75,3,3,2,4,2,2,2,4,1,2,2,2,2,3,5,3
11/10/21,81.02,80.73,81.55,75,3,3,2,4,2,2,2,4,1,2,2,2,2,3,5,3
12/10/21,81.02,80.73,81.55,75,3,3,2,4,2,2,2,4,1,2,2,2,2,3,5,3
13/10/21,81.02,80.73,81.55,75,3,3,2,4,2,2,2,4,1,2,2,2,2,3,5,3
14/10/21,81.02,80.73,81.55,75,3,3,2,4,2,2,2,4,1,2,2,2,2,3,5,3
15/10/21,81.02,80.73,81.55,75,3,3,2,4,2,2,2,4,1,2,2,2,2,3,5,3
16/10/21,81.02,80.73,81.55,75,3,3,2,4,2,2,2,4,1,2,2,2,2,3,5,3
17/10/21,81.02,80.73,81.55,75,3,3,2,4,2,2,2,4,1,2,2,2,2,3,5,3
18/10/21,81.02,80.73,81.55,75,3,3,2,4,2,2,2,4,1,2,2,2,2,3,5,3
19/10/21,81.02,74.48,81.55,50,3,3,2,4,2,2,2,4,1,1,2,2,2,3,5,3
20/10/21,81.02,74.48,81.55,50,3,3,2,4,2,2,2,4,1,1,2,2,2,3,5,3
21/10/21,81.02,74.48,81.55,50,3,3,2,4,2,2,2,4,1,1,2,2,2,3,5,3
22/10/21,81.02,74.48,81.55,50,3,3,2,4,2,2,2,4,1,1,2,2,2,3,5,3
23/10/21,81.02,74.48,81.55,50,3,3,2,4,2,2,2,4,1,1,2,2,2,3,5,3
24/10/21,81.02,74.48,81.55,50,3,3,2,4,2,2,2,4,1,1,2,2,2,3,5,3
25/10/21,81.02,74.48,81.55,50,3,3,2,4,2,2,2,4,1,1,2,2,2,3,5,3
26/10/21,81.02,74.48,81.55,50,3,3,2,4,2,2,2,4,1,1,2,2,2,3,5,3
27/10/21,81.02,74.48,81.55,50,3,3,2,4,2,2,2,4,1,1,2,2,2,3,5,3
28/10/21,81.02,74.48,81.55,50,3,3,2,4,2,2,2,4,1,1,2,2,2,3,5,3
29/10/21,81.02,74.48,81.55,50,3,3,2,4,2,2,2,4,1,1,2,2,2,3,5,3
30/10/21,81.02,74.48,81.55,50,3,3,2,4,2,2,2,4,1,1,2,2,2,3,5,3
31/10/21,81.02,74.48,81.55,50,3,3,2,4,2,2,2,4,1,1,2,2,2,3,5,3
1/11/21,81.02,74.48,81.55,50,3,3,2,4,2,2,2,4,1,1,2,2,2,3,5,3
2/11/21,81.02,74.48,81.55,50,3,3,2,4,2,2,2,4,1,1,2,2,2,3,5,3
3/11/21,81.02,74.48,81.55,50,3,3,2,4,2,2,2,4,1,1,2,2,2,3,5,3
4/11/21,81.02,74.48,81.55,50,3,3,2,4,2,2,2,4,1,1,2,2,2,3,5,3
5/11/21,81.02,74.48,81.55,50,3,3,2,4,2,2,2,4,1,1,2,2,2,3,5,3
6/11/21,81.02,74.48,81.55,50,3,3,2,4,2,2,2,4,1,1,2,2,2,3,5,3
7/11/21,81.02,74.48,81.55,50,3,3,2,4,2,2,2,4,1,1,2,2,2,3,5,3
8/11/21,81.02,74.48,81.55,50,3,3,2,4,2,2,2,4,1,1,2,2,2,3,5,3
9/11/21,78.24,72.92,79.76,50,3,3,2,3,2,2,2,4,1,1,2,2,2,3,5,3
10/11/21,78.24,72.92,79.76,50,3,3,2,3,2,2,2,4,1,1,2,2,2,3,5,3
11/11/21,78.24,72.92,79.76,50,3,3,2,3,2,2,2,4,1,1,2,2,2,3,5,3
12/11/21,78.24,72.92,79.76,50,3,3,2,3,2,2,2,4,1,1,2,2,2,3,5,3
13/11/21,78.24,72.92,79.76,50,3,3,2,3,2,2,2,4,1,1,2,2,2,3,5,3
14/11/21,78.24,72.92,79.76,50,3,3,2,3,2,2,2,4,1,1,2,2,2,3,5,3
15/11/21,78.24,72.92,79.76,50,3,3,2,3,2,2,2,4,1,1,2,2,2,3,5,3
16/11/21,78.24,72.92,79.76,50,3,3,2,3,2,2,2,4,1,1,2,2,2,3,5,3
17/11/21,78.24,72.92,79.76,50,3,3,2,3,2,2,2,4,1,1,2,2,2,3,5,3
18/11/21,78.24,72.92,79.76,50,3,3,2,3,2,2,2,4,1,1,2,2,2,3,5,3
19/11/21,78.24,72.92,79.76,50,3,3,2,3,2,2,2,4,1,1,2,2,2,3,5,3
20/11/21,78.24,72.92,79.76,50,3,3,2,3,2,2,2,4,1,1,2,2,2,3,5,3
21/11/21,78.24,72.92,79.76,50,3,3,2,3,2,2,2,4,1,1,2,2,2,3,5,3
22/11/21,78.24,72.92,79.76,50,3,3,2,3,2,2,2,4,1,1,2,2,2,3,5,3
23/11/21,78.24,72.92,79.76,25,3,3,2,3,2,2,2,4,1,0,2,2,2,3,5,3
24/11/21,78.24,72.92,79.76,25,3,3,2,3,2,2,2,4,1,0,2,2,2,3,5,3
25/11/21,78.24,72.92,79.76,25,3,3,2,3,2,2,2,4,1,0,2,2,2,3,5,3
26/11/21,78.24,72.92,79.76,25,3,3,2,3,2,2,2,4,1,0,2,2,2,3,5,3
27/11/21,78.24,72.92,79.76,25,3,3,2,3,2,2,2,4,1,0,2,2,2,3,5,3
28/11/21,78.24,72.92,79.76,25,3,3,2,3,2,2,2,4,1,0,2,2,2,3,5,3
29/11/21,78.24,72.92,79.76,25,3,3,2,3,2,2,2,4,1,0,2,2,2,3,5,3
30/11/21,78.24,72.92,79.76,25,3,3,2,3,2,2,2,4,1,0,2,2,2,3,5,3
1/12/21,78.24,72.92,79.76,25,3,3,2,3,2,2,2,4,1,0,2,2,2,3,5,3
2/12/21,78.24,72.92,79.76,25,3,3,2,3,2,2,2,4,1,0,2,2,2,3,5,3
3/12/21,65.28,65.62,71.43,25,3,1,1,3,2,2,2,4,1,0,2,2,2,3,5,3
4/12/21,65.28,65.62,71.43,25,3,1,1,3,2,2,2,4,1,0,2,2,2,3,5,3
5/12/21,65.28,65.62,71.43,25,3,1,1,3,2,2,2,4,1,0,2,2,2,3,5,3
6/12/21,65.28,65.62,71.43,25,3,1,1,3,2,2,2,4,1,0,2,2,2,3,5,3
7/12/21,65.28,65.62,71.43,25,3,1,1,3,2,2,2,4,1,0,2,2,2,3,5,3
8/12/21,65.28,65.62,71.43,25,3,1,1,3,2,2,2,4,1,0,2,2,2,3,5,3
9/12/21,65.28,65.62,71.43,25,3,1,1,3,2,2,2,4,1,0,2,2,2,3,5,3
10/12/21,65.28,65.62,71.43,25,3,1,1,3,2,2,2,4,1,0,2,2,2,3,5,3
11/12/21,65.28,65.62,71.43,25,3,1,1,3,2,2,2,4,1,0,2,2,2,3,5,3
12/12/21,65.28,65.62,71.43,25,3,1,1,3,2,2,2,4,1,0,2,2,2,3,5,3
13/12/21,65.28,65.62,71.43,25,3,1,1,3,2,2,2,4,1,0,2,2,2,3,5,3
14/12/21,65.28,65.62,71.43,25,3,1,1,3,2,2,2,4,1,0,2,2,2,3,5,3
15/12/21,43.98,54.69,58.93,25,1,1,1,3,0,0,2,4,1,0,2,3,2,3,5,2
16/12/21,43.98,54.69,58.93,25,1,1,1,3,0,0,2,4,1,0,2,3,2,3,5,2
17/12/21,43.98,54.69,58.93,25,1,1,1,3,0,0,2,4,1,0,2,3,2,3,5,2
18/12/21,43.98,54.69,58.93,25,1,1,1,3,0,0,2,4,1,0,2,3,2,3,5,2
19/12/21,43.98,54.69,58.93,25,1,1,1,3,0,0,2,4,1,0,2,3,2,3,5,2
20/12/21,43.98,54.69,58.93,25,1,1,1,3,0,0,2,4,1,0,2,3,2,3,5,2
21/12/21,43.98,54.69,58.93,25,1,1,1,3,0,0,2,4,1,0,2,3,2,3,5,2
22/12/21,43.98,54.69,58.93,25,1,1,1,3,0,0,2,4,1,0,2,3,2,3,5,2
23/12/21,43.98,54.69,58.93,25,1,1,1,3,0,0,2,4,1,0,2,3,2,3,5,2
24/12/21,43.98,54.69,58.93,25,1,1,1,3,0,0,2,4,1,0,2,3,2,3,5,2
25/12/21,43.98,54.69,58.93,25,1,1,1,3,0,0,2,4,1,0,2,3,2,3,5,2
26/12/21,43.98,54.69,58.93,25,1,1,1,3,0,0,2,4,1,0,2,3,2,3,5,2
27/12/21,43.98,54.69,58.93,25,1,1,1,3,0,0,2,4,1,0,2,3,2,3,5,2
28/12/21,43.98,54.69,58.93,25,1,1,1,3,0,0,2,4,1,0,2,3,2,3,5,2
29/12/21,43.98,54.69,58.93,25,1,1,1,3,0,0,2,4,1,0,2,3,2,3,5,2
30/12/21,43.98,54.69,58.93,25,1,1,1,3,0,0,2,4,1,0,2,3,2,3,5,2
31/12/21,43.98,54.69,58.93,25,1,1,1,3,0,0,2,4,1,0,2,3,2,3,5,2