"","stringency_index","government_response_index","containment_health_index","economic_support_index","c1_school_closing","c2_workplace_closing","c3_cancel_public_events","c4_restrictions_on_gatherings","c5_close_public_transport","c6_stay_at_home_requirements","c7_movementrestrictions","c8_internationaltravel","e1_income_support","e2_debtrelief","h1_public_information_campaigns","h2_testing_policy","h3_contact_tracing","h6_facial_coverings","h7_vaccination_policy","h8_protection_of_elderly_people"
"2020-02-15",30.56,31.77,36.31,0,0,0,1,2,0,0,0,3,0,0,2,2,2,0,0,2
"2020-02-16",30.56,31.77,36.31,0,0,0,1,2,0,0,0,3,0,0,2,2,2,0,0,2
"2020-02-17",30.56,31.77,36.31,0,0,0,1,2,0,0,0,3,0,0,2,2,2,0,0,2
"2020-02-18",30.56,31.77,36.31,0,0,0,1,2,0,0,0,3,0,0,2,2,2,0,0,2
"2020-02-19",30.56,31.77,36.31,0,0,0,1,2,0,0,0,3,0,0,2,2,2,0,0,2
"2020-02-20",30.56,31.77,36.31,0,0,0,1,2,0,0,0,3,0,0,2,2,2,0,0,2
"2020-02-21",30.56,31.77,36.31,0,0,0,1,2,0,0,0,3,0,0,2,2,2,0,0,2
"2020-02-22",30.56,31.77,36.31,0,0,0,1,2,0,0,0,3,0,0,2,2,2,0,0,2
"2020-02-23",30.56,31.77,36.31,0,0,0,1,2,0,0,0,3,0,0,2,2,2,0,0,2
"2020-02-24",30.56,31.77,36.31,0,0,0,1,2,0,0,0,3,0,0,2,2,2,0,0,2
"2020-02-25",30.56,31.77,36.31,0,0,0,1,2,0,0,0,3,0,0,2,2,2,0,0,2
"2020-02-26",30.56,31.77,36.31,0,0,0,1,2,0,0,0,3,0,0,2,2,2,0,0,2
"2020-02-27",30.56,31.77,36.31,0,0,0,1,2,0,0,0,3,0,0,2,2,2,0,0,2
"2020-02-28",30.56,31.77,36.31,0,0,0,1,2,0,0,0,3,0,0,2,2,2,0,0,2
"2020-02-29",30.56,31.77,36.31,0,0,0,1,2,0,0,0,3,0,0,2,2,2,0,0,2
"2020-03-01",30.56,31.77,36.31,0,0,0,1,2,0,0,0,3,0,0,2,2,2,0,0,2
"2020-03-02",30.56,31.77,36.31,0,0,0,1,2,0,0,0,3,0,0,2,2,2,0,0,2
"2020-03-03",30.56,31.77,36.31,0,0,0,1,2,0,0,0,3,0,0,2,2,2,0,0,2
"2020-03-04",30.56,31.77,36.31,0,0,0,1,2,0,0,0,3,0,0,2,2,2,0,0,2
"2020-03-05",30.56,31.77,36.31,0,0,0,1,2,0,0,0,3,0,0,2,2,2,0,0,2
"2020-03-06",30.56,31.77,36.31,0,0,0,1,2,0,0,0,3,0,0,2,2,2,0,0,2
"2020-03-07",30.56,31.77,36.31,0,0,0,1,2,0,0,0,3,0,0,2,2,2,0,0,2
"2020-03-08",30.56,31.77,36.31,0,0,0,1,2,0,0,0,3,0,0,2,2,2,0,0,2
"2020-03-09",30.56,31.77,36.31,0,0,0,1,2,0,0,0,3,0,0,2,2,2,0,0,2
"2020-03-10",30.56,31.77,36.31,0,0,0,1,2,0,0,0,3,0,0,2,2,2,0,0,2
"2020-03-11",30.56,31.77,36.31,0,0,0,1,2,0,0,0,3,0,0,2,2,2,0,0,2
"2020-03-12",30.56,31.77,36.31,0,0,0,1,2,0,0,0,3,0,0,2,2,2,0,0,2
"2020-03-13",36.11,34.9,39.88,0,0,0,2,2,0,0,0,3,0,0,2,2,2,0,0,2
"2020-03-14",36.11,34.9,39.88,0,0,0,2,2,0,0,0,3,0,0,2,2,2,0,0,2
"2020-03-15",36.11,34.9,39.88,0,0,0,2,2,0,0,0,3,0,0,2,2,2,0,0,2
"2020-03-16",36.11,34.9,39.88,0,0,0,2,2,0,0,0,3,0,0,2,2,2,0,0,2
"2020-03-17",36.11,34.9,39.88,0,0,0,2,2,0,0,0,3,0,0,2,2,2,0,0,2
"2020-03-18",36.11,34.9,39.88,0,0,0,2,2,0,0,0,3,0,0,2,2,2,0,0,2
"2020-03-19",36.11,34.9,39.88,0,0,0,2,2,0,0,0,3,0,0,2,2,2,0,0,2
"2020-03-20",36.11,34.9,39.88,0,0,0,2,2,0,0,0,3,0,0,2,2,2,0,0,2
"2020-03-21",36.11,34.9,39.88,0,0,0,2,2,0,0,0,3,0,0,2,2,2,0,0,2
"2020-03-22",36.11,34.9,39.88,0,0,0,2,2,0,0,0,3,0,0,2,2,2,0,0,2
"2020-03-23",36.11,34.9,39.88,0,0,0,2,2,0,0,0,3,0,0,2,2,2,0,0,2
"2020-03-24",36.11,34.9,39.88,0,0,0,2,2,0,0,0,3,0,0,2,2,2,0,0,2
"2020-03-25",36.11,34.9,39.88,0,0,0,2,2,0,0,0,3,0,0,2,2,2,0,0,2
"2020-03-26",36.11,34.9,39.88,0,0,0,2,2,0,0,0,3,0,0,2,2,2,0,0,2
"2020-03-27",36.11,34.9,39.88,0,0,0,2,2,0,0,0,3,0,0,2,2,2,0,0,2
"2020-03-28",36.11,34.9,39.88,0,0,0,2,2,0,0,0,3,0,0,2,2,2,0,0,2
"2020-03-29",36.11,34.9,39.88,0,0,0,2,2,0,0,0,3,0,0,2,2,2,0,0,2
"2020-03-30",36.11,34.9,39.88,0,0,0,2,2,0,0,0,3,0,0,2,2,2,0,0,2
"2020-03-31",36.11,34.9,39.88,0,0,0,2,2,0,0,0,3,0,0,2,2,2,0,0,2
"2020-04-01",36.11,38.02,39.88,25,0,0,2,2,0,0,0,3,1,0,2,2,2,0,0,2
"2020-04-02",36.11,40.1,42.26,25,0,0,2,2,0,0,0,3,1,0,2,2,2,0,0,3
"2020-04-03",45.37,46.88,50,25,0,0,2,2,0,1,1,3,1,0,2,2,2,1,0,3
"2020-04-04",45.37,46.88,50,25,0,0,2,2,0,1,1,3,1,0,2,2,2,1,0,3
"2020-04-05",45.37,46.88,50,25,0,0,2,2,0,1,1,3,1,0,2,2,2,1,0,3
"2020-04-06",45.37,46.88,50,25,0,0,2,2,0,1,1,3,1,0,2,2,2,1,0,3
"2020-04-07",62.04,56.25,60.71,25,0,3,2,4,0,1,1,3,1,0,2,2,2,1,0,3
"2020-04-08",76.85,64.58,70.24,25,3,3,2,2,0,2,2,3,1,0,2,2,2,1,0,3
"2020-04-09",76.85,64.58,70.24,25,3,3,2,2,0,2,2,3,1,0,2,2,2,1,0,3
"2020-04-10",82.41,67.71,73.81,25,3,3,2,4,0,2,2,3,1,0,2,2,2,1,0,3
"2020-04-11",76.85,64.58,70.24,25,3,3,2,2,0,2,2,3,1,0,2,2,2,1,0,3
"2020-04-12",76.85,64.58,70.24,25,3,3,2,2,0,2,2,3,1,0,2,2,2,1,0,3
"2020-04-13",76.85,64.58,70.24,25,3,3,2,2,0,2,2,3,1,0,2,2,2,1,0,3
"2020-04-14",76.85,69.27,75.6,25,3,3,2,2,0,2,2,3,1,0,2,2,2,4,0,3
"2020-04-15",76.85,69.27,75.6,25,3,3,2,2,0,2,2,3,1,0,2,2,2,4,0,3
"2020-04-16",76.85,69.27,75.6,25,3,3,2,2,0,2,2,3,1,0,2,2,2,4,0,3
"2020-04-17",76.85,69.27,75.6,25,3,3,2,2,0,2,2,3,1,0,2,2,2,4,0,3
"2020-04-18",76.85,69.27,75.6,25,3,3,2,2,0,2,2,3,1,0,2,2,2,4,0,3
"2020-04-19",76.85,69.27,75.6,25,3,3,2,2,0,2,2,3,1,0,2,2,2,4,0,3
"2020-04-20",76.85,75.52,75.6,75,3,3,2,2,0,2,2,3,1,2,2,2,2,4,0,3
"2020-04-21",76.85,75.52,75.6,75,3,3,2,2,0,2,2,3,1,2,2,2,2,4,0,3
"2020-04-22",76.85,75.52,75.6,75,3,3,2,2,0,2,2,3,1,2,2,2,2,4,0,3
"2020-04-23",76.85,75.52,75.6,75,3,3,2,2,0,2,2,3,1,2,2,2,2,4,0,3
"2020-04-24",76.85,75.52,75.6,75,3,3,2,2,0,2,2,3,1,2,2,2,2,4,0,3
"2020-04-25",82.41,78.65,79.17,75,3,3,2,4,0,2,2,3,1,2,2,2,2,4,0,3
"2020-04-26",76.85,75.52,75.6,75,3,3,2,2,0,2,2,3,1,2,2,2,2,4,0,3
"2020-04-27",76.85,75.52,75.6,75,3,3,2,2,0,2,2,3,1,2,2,2,2,4,0,3
"2020-04-28",76.85,75.52,75.6,75,3,3,2,2,0,2,2,3,1,2,2,2,2,4,0,3
"2020-04-29",76.85,75.52,75.6,75,3,3,2,2,0,2,2,3,1,2,2,2,2,4,0,3
"2020-04-30",76.85,75.52,75.6,75,3,3,2,2,0,2,2,3,1,2,2,2,2,4,0,3
"2020-05-01",82.41,78.65,79.17,75,3,3,2,4,0,2,2,3,1,2,2,2,2,4,0,3
"2020-05-02",76.85,75.52,75.6,75,3,3,2,2,0,2,2,3,1,2,2,2,2,4,0,3
"2020-05-03",76.85,75.52,75.6,75,3,3,2,2,0,2,2,3,1,2,2,2,2,4,0,3
"2020-05-04",76.85,75.52,75.6,75,3,3,2,2,0,2,2,3,1,2,2,2,2,4,0,3
"2020-05-05",76.85,75.52,75.6,75,3,3,2,2,0,2,2,3,1,2,2,2,2,4,0,3
"2020-05-06",76.85,75.52,75.6,75,3,3,2,2,0,2,2,3,1,2,2,2,2,4,0,3
"2020-05-07",76.85,75.52,75.6,75,3,3,2,2,0,2,2,3,1,2,2,2,2,4,0,3
"2020-05-08",76.85,75.52,75.6,75,3,3,2,2,0,2,2,3,1,2,2,2,2,4,0,3
"2020-05-09",76.85,75.52,75.6,75,3,3,2,2,0,2,2,3,1,2,2,2,2,4,0,3
"2020-05-10",76.85,75.52,75.6,75,3,3,2,2,0,2,2,3,1,2,2,2,2,4,0,3
"2020-05-11",76.85,75.52,75.6,75,3,3,2,2,0,2,2,3,1,2,2,2,2,4,0,3
"2020-05-12",73.15,73.44,73.21,75,3,2,2,2,0,2,2,3,1,2,2,2,2,4,0,3
"2020-05-13",73.15,73.44,73.21,75,3,2,2,2,0,2,2,3,1,2,2,2,2,4,0,3
"2020-05-14",73.15,73.44,73.21,75,3,2,2,2,0,2,2,3,1,2,2,2,2,4,0,3
"2020-05-15",73.15,73.44,73.21,75,3,2,2,2,0,2,2,3,1,2,2,2,2,4,0,3
"2020-05-16",73.15,73.44,73.21,75,3,2,2,2,0,2,2,3,1,2,2,2,2,4,0,3
"2020-05-17",73.15,73.44,73.21,75,3,2,2,2,0,2,2,3,1,2,2,2,2,4,0,3
"2020-05-18",73.15,73.44,73.21,75,3,2,2,2,0,2,2,3,1,2,2,2,2,4,0,3
"2020-05-19",73.15,73.44,73.21,75,3,2,2,2,0,2,2,3,1,2,2,2,2,4,0,3
"2020-05-20",73.15,73.44,73.21,75,3,2,2,2,0,2,2,3,1,2,2,2,2,4,0,3
"2020-05-21",73.15,73.44,73.21,75,3,2,2,2,0,2,2,3,1,2,2,2,2,4,0,3
"2020-05-22",73.15,73.44,73.21,75,3,2,2,2,0,2,2,3,1,2,2,2,2,4,0,3
"2020-05-23",73.15,73.44,73.21,75,3,2,2,2,0,2,2,3,1,2,2,2,2,4,0,3
"2020-05-24",73.15,73.44,73.21,75,3,2,2,2,0,2,2,3,1,2,2,2,2,4,0,3
"2020-05-25",73.15,73.44,73.21,75,3,2,2,2,0,2,2,3,1,2,2,2,2,4,0,3
"2020-05-26",73.15,76.56,73.21,100,3,2,2,2,0,2,2,3,2,2,2,2,2,4,0,3
"2020-05-27",73.15,76.56,73.21,100,3,2,2,2,0,2,2,3,2,2,2,2,2,4,0,3
"2020-05-28",73.15,76.56,73.21,100,3,2,2,2,0,2,2,3,2,2,2,2,2,4,0,3
"2020-05-29",73.15,76.56,73.21,100,3,2,2,2,0,2,2,3,2,2,2,2,2,4,0,3
"2020-05-30",73.15,76.56,73.21,100,3,2,2,2,0,2,2,3,2,2,2,2,2,4,0,3
"2020-05-31",73.15,76.56,73.21,100,3,2,2,2,0,2,2,3,2,2,2,2,2,4,0,3
"2020-06-01",73.15,76.56,73.21,100,3,2,2,2,0,2,2,3,2,2,2,2,2,4,0,3
"2020-06-02",71.3,75.52,72.02,100,1,2,2,4,0,2,2,3,2,2,2,2,2,4,0,3
"2020-06-03",65.74,72.4,68.45,100,1,2,2,2,0,2,2,3,2,2,2,2,2,4,0,3
"2020-06-04",65.74,72.4,68.45,100,1,2,2,2,0,2,2,3,2,2,2,2,2,4,0,3
"2020-06-05",65.74,72.4,68.45,100,1,2,2,2,0,2,2,3,2,2,2,2,2,4,0,3
"2020-06-06",65.74,72.4,68.45,100,1,2,2,2,0,2,2,3,2,2,2,2,2,4,0,3
"2020-06-07",65.74,72.4,68.45,100,1,2,2,2,0,2,2,3,2,2,2,2,2,4,0,3
"2020-06-08",65.74,72.4,68.45,100,1,2,2,2,0,2,2,3,2,2,2,2,2,4,0,3
"2020-06-09",65.74,72.4,68.45,100,1,2,2,2,0,2,2,3,2,2,2,2,2,4,0,3
"2020-06-10",65.74,72.4,68.45,100,1,2,2,2,0,2,2,3,2,2,2,2,2,4,0,3
"2020-06-11",65.74,72.4,68.45,100,1,2,2,2,0,2,2,3,2,2,2,2,2,4,0,3
"2020-06-12",65.74,72.4,68.45,100,1,2,2,2,0,2,2,3,2,2,2,2,2,4,0,3
"2020-06-13",65.74,72.4,68.45,100,1,2,2,2,0,2,2,3,2,2,2,2,2,4,0,3
"2020-06-14",65.74,72.4,68.45,100,1,2,2,2,0,2,2,3,2,2,2,2,2,4,0,3
"2020-06-15",65.74,72.4,68.45,100,1,2,2,2,0,2,2,3,2,2,2,2,2,4,0,3
"2020-06-16",65.74,72.4,68.45,100,1,2,2,2,0,2,2,3,2,2,2,2,2,4,0,3
"2020-06-17",65.74,72.4,68.45,100,1,2,2,2,0,2,2,3,2,2,2,2,2,4,0,3
"2020-06-18",65.74,72.4,68.45,100,1,2,2,2,0,2,2,3,2,2,2,2,2,4,0,3
"2020-06-19",56.48,65.1,60.12,100,1,2,2,4,0,1,0,3,2,2,2,2,2,4,0,2
"2020-06-20",50.93,61.98,56.55,100,1,2,2,2,0,1,0,3,2,2,2,2,2,4,0,2
"2020-06-21",50.93,61.98,56.55,100,1,2,2,2,0,1,0,3,2,2,2,2,2,4,0,2
"2020-06-22",50.93,61.98,56.55,100,1,2,2,2,0,1,0,3,2,2,2,2,2,4,0,2
"2020-06-23",50.93,61.98,56.55,100,1,2,2,2,0,1,0,3,2,2,2,2,2,4,0,2
"2020-06-24",50.93,61.98,56.55,100,1,2,2,2,0,1,0,3,2,2,2,2,2,4,0,2
"2020-06-25",50.93,61.98,56.55,100,1,2,2,2,0,1,0,3,2,2,2,2,2,4,0,2
"2020-06-26",50.93,61.98,56.55,100,1,2,2,2,0,1,0,3,2,2,2,2,2,4,0,2
"2020-06-27",50.93,61.98,56.55,100,1,2,2,2,0,1,0,3,2,2,2,2,2,4,0,2
"2020-06-28",50.93,61.98,56.55,100,1,2,2,2,0,1,0,3,2,2,2,2,2,4,0,2
"2020-06-29",50.93,61.98,56.55,100,1,2,2,2,0,1,0,3,2,2,2,2,2,4,0,2
"2020-06-30",50.93,61.98,56.55,100,1,2,2,2,0,1,0,3,2,2,2,2,2,4,0,2
"2020-07-01",50.93,61.98,56.55,100,1,2,2,2,0,1,0,3,2,2,2,2,2,4,0,2
"2020-07-02",50.93,61.98,56.55,100,1,2,2,2,0,1,0,3,2,2,2,2,2,4,0,2
"2020-07-03",50.93,61.98,56.55,100,1,2,2,2,0,1,0,3,2,2,2,2,2,4,0,2
"2020-07-04",56.48,65.1,60.12,100,1,2,2,4,0,1,0,3,2,2,2,2,2,4,0,2
"2020-07-05",50.93,61.98,56.55,100,1,2,2,2,0,1,0,3,2,2,2,2,2,4,0,2
"2020-07-06",50.93,61.98,56.55,100,1,2,2,2,0,1,0,3,2,2,2,2,2,4,0,2
"2020-07-07",50.93,61.98,56.55,100,1,2,2,2,0,1,0,3,2,2,2,2,2,4,0,2
"2020-07-08",50.93,61.98,56.55,100,1,2,2,2,0,1,0,3,2,2,2,2,2,4,0,2
"2020-07-09",50.93,61.98,56.55,100,1,2,2,2,0,1,0,3,2,2,2,2,2,4,0,2
"2020-07-10",50.93,61.98,56.55,100,1,2,2,2,0,1,0,3,2,2,2,2,2,4,0,2
"2020-07-11",50.93,61.98,56.55,100,1,2,2,2,0,1,0,3,2,2,2,2,2,4,0,2
"2020-07-12",50.93,61.98,56.55,100,1,2,2,2,0,1,0,3,2,2,2,2,2,4,0,2
"2020-07-13",50.93,61.98,56.55,100,1,2,2,2,0,1,0,3,2,2,2,2,2,4,0,2
"2020-07-14",50.93,61.98,56.55,100,1,2,2,2,0,1,0,3,2,2,2,2,2,4,0,2
"2020-07-15",50.93,61.98,56.55,100,1,2,2,2,0,1,0,3,2,2,2,2,2,4,0,2
"2020-07-16",50.93,61.98,56.55,100,1,2,2,2,0,1,0,3,2,2,2,2,2,4,0,2
"2020-07-17",50.93,61.98,56.55,100,1,2,2,2,0,1,0,3,2,2,2,2,2,4,0,2
"2020-07-18",50.93,61.98,56.55,100,1,2,2,2,0,1,0,3,2,2,2,2,2,4,0,2
"2020-07-19",50.93,61.98,56.55,100,1,2,2,2,0,1,0,3,2,2,2,2,2,4,0,2
"2020-07-20",50.93,61.98,56.55,100,1,2,2,2,0,1,0,3,2,2,2,2,2,4,0,2
"2020-07-21",50.93,61.98,56.55,100,1,2,2,2,0,1,0,3,2,2,2,2,2,4,0,2
"2020-07-22",50.93,61.98,56.55,100,1,2,2,2,0,1,0,3,2,2,2,2,2,4,0,2
"2020-07-23",50.93,61.98,56.55,100,1,2,2,2,0,1,0,3,2,2,2,2,2,4,0,2
"2020-07-24",50.93,61.98,56.55,100,1,2,2,2,0,1,0,3,2,2,2,2,2,4,0,2
"2020-07-25",50.93,61.98,56.55,100,1,2,2,2,0,1,0,3,2,2,2,2,2,4,0,2
"2020-07-26",50.93,61.98,56.55,100,1,2,2,2,0,1,0,3,2,2,2,2,2,4,0,2
"2020-07-27",50.93,61.98,56.55,100,1,2,2,2,0,1,0,3,2,2,2,2,2,4,0,2
"2020-07-28",50.93,61.98,56.55,100,1,2,2,2,0,1,0,3,2,2,2,2,2,4,0,2
"2020-07-29",50.93,61.98,56.55,100,1,2,2,2,0,1,0,3,2,2,2,2,2,4,0,2
"2020-07-30",50.93,61.98,56.55,100,1,2,2,2,0,1,0,3,2,2,2,2,2,4,0,2
"2020-07-31",50.93,61.98,56.55,100,1,2,2,2,0,1,0,3,2,2,2,2,2,4,0,2
"2020-08-01",50.93,61.98,56.55,100,1,2,2,2,0,1,0,3,2,2,2,2,2,4,0,2
"2020-08-02",50.93,61.98,56.55,100,1,2,2,2,0,1,0,3,2,2,2,2,2,4,0,2
"2020-08-03",50.93,61.98,56.55,100,1,2,2,2,0,1,0,3,2,2,2,2,2,4,0,2
"2020-08-04",56.48,65.1,60.12,100,1,2,2,4,0,1,0,3,2,2,2,2,2,4,0,2
"2020-08-05",50.93,61.98,56.55,100,1,2,2,2,0,1,0,3,2,2,2,2,2,4,0,2
"2020-08-06",50.93,61.98,56.55,100,1,2,2,2,0,1,0,3,2,2,2,2,2,4,0,2
"2020-08-07",50.93,61.98,56.55,100,1,2,2,2,0,1,0,3,2,2,2,2,2,4,0,2
"2020-08-08",50.93,61.98,56.55,100,1,2,2,2,0,1,0,3,2,2,2,2,2,4,0,2
"2020-08-09",50.93,61.98,56.55,100,1,2,2,2,0,1,0,3,2,2,2,2,2,4,0,2
"2020-08-10",50.93,61.98,56.55,100,1,2,2,2,0,1,0,3,2,2,2,2,2,4,0,2
"2020-08-11",50.93,61.98,56.55,100,1,2,2,2,0,1,0,3,2,2,2,2,2,4,0,2
"2020-08-12",50.93,61.98,56.55,100,1,2,2,2,0,1,0,3,2,2,2,2,2,4,0,2
"2020-08-13",50.93,61.98,56.55,100,1,2,2,2,0,1,0,3,2,2,2,2,2,4,0,2
"2020-08-14",50.93,61.98,56.55,100,1,2,2,2,0,1,0,3,2,2,2,2,2,4,0,2
"2020-08-15",50.93,61.98,56.55,100,1,2,2,2,0,1,0,3,2,2,2,2,2,4,0,2
"2020-08-16",50.93,61.98,56.55,100,1,2,2,2,0,1,0,3,2,2,2,2,2,4,0,2
"2020-08-17",50.93,61.98,56.55,100,1,2,2,2,0,1,0,3,2,2,2,2,2,4,0,2
"2020-08-18",50.93,61.98,56.55,100,1,2,2,2,0,1,0,3,2,2,2,2,2,4,0,2
"2020-08-19",56.48,65.1,60.12,100,1,2,2,4,0,1,0,3,2,2,2,2,2,4,0,2
"2020-08-20",50.93,61.98,56.55,100,1,2,2,2,0,1,0,3,2,2,2,2,2,4,0,2
"2020-08-21",50.93,61.98,56.55,100,1,2,2,2,0,1,0,3,2,2,2,2,2,4,0,2
"2020-08-22",50.93,61.98,56.55,100,1,2,2,2,0,1,0,3,2,2,2,2,2,4,0,2
"2020-08-23",50.93,61.98,56.55,100,1,2,2,2,0,1,0,3,2,2,2,2,2,4,0,2
"2020-08-24",50.93,61.98,56.55,100,1,2,2,2,0,1,0,3,2,2,2,2,2,4,0,2
"2020-08-25",50.93,61.98,56.55,100,1,2,2,2,0,1,0,3,2,2,2,2,2,4,0,2
"2020-08-26",50.93,61.98,56.55,100,1,2,2,2,0,1,0,3,2,2,2,2,2,4,0,2
"2020-08-27",50.93,61.98,56.55,100,1,2,2,2,0,1,0,3,2,2,2,2,2,4,0,2
"2020-08-28",50.93,61.98,56.55,100,1,2,2,2,0,1,0,3,2,2,2,2,2,4,0,2
"2020-08-29",56.48,65.1,60.12,100,1,2,2,4,0,1,0,3,2,2,2,2,2,4,0,2
"2020-08-30",50.93,61.98,56.55,100,1,2,2,2,0,1,0,3,2,2,2,2,2,4,0,2
"2020-08-31",50.93,61.98,56.55,100,1,2,2,2,0,1,0,3,2,2,2,2,2,4,0,2
"2020-09-01",50.93,61.98,56.55,100,1,2,2,2,0,1,0,3,2,2,2,2,2,4,0,2
"2020-09-02",50.93,61.98,56.55,100,1,2,2,2,0,1,0,3,2,2,2,2,2,4,0,2
"2020-09-03",50.93,61.98,56.55,100,1,2,2,2,0,1,0,3,2,2,2,2,2,4,0,2
"2020-09-04",50.93,61.98,56.55,100,1,2,2,2,0,1,0,3,2,2,2,2,2,4,0,2
"2020-09-05",50.93,61.98,56.55,100,1,2,2,2,0,1,0,3,2,2,2,2,2,4,0,2
"2020-09-06",50.93,61.98,56.55,100,1,2,2,2,0,1,0,3,2,2,2,2,2,4,0,2
"2020-09-07",50.93,61.98,56.55,100,1,2,2,2,0,1,0,3,2,2,2,2,2,4,0,2
"2020-09-08",50.93,61.98,56.55,100,1,2,2,2,0,1,0,3,2,2,2,2,2,4,0,2
"2020-09-09",50.93,61.98,56.55,100,1,2,2,2,0,1,0,3,2,2,2,2,2,4,0,2
"2020-09-10",50.93,61.98,56.55,100,1,2,2,2,0,1,0,3,2,2,2,2,2,4,0,2
"2020-09-11",50.93,61.98,56.55,100,1,2,2,2,0,1,0,3,2,2,2,2,2,4,0,2
"2020-09-12",50.93,61.98,56.55,100,1,2,2,2,0,1,0,3,2,2,2,2,2,4,0,2
"2020-09-13",50.93,61.98,56.55,100,1,2,2,2,0,1,0,3,2,2,2,2,2,4,0,2
"2020-09-14",56.48,65.1,60.12,100,1,2,2,4,0,1,0,3,2,2,2,2,2,4,0,2
"2020-09-15",50.93,61.98,56.55,100,1,2,2,2,0,1,0,3,2,2,2,2,2,4,0,2
"2020-09-16",50.93,61.98,56.55,100,1,2,2,2,0,1,0,3,2,2,2,2,2,4,0,2
"2020-09-17",50.93,61.98,56.55,100,1,2,2,2,0,1,0,3,2,2,2,2,2,4,0,2
"2020-09-18",50.93,61.98,56.55,100,1,2,2,2,0,1,0,3,2,2,2,2,2,4,0,2
"2020-09-19",50.93,61.98,56.55,100,1,2,2,2,0,1,0,3,2,2,2,2,2,4,0,2
"2020-09-20",50.93,61.98,56.55,100,1,2,2,2,0,1,0,3,2,2,2,2,2,4,0,2
"2020-09-21",50.93,61.98,56.55,100,1,2,2,2,0,1,0,3,2,2,2,2,2,4,0,2
"2020-09-22",50.93,61.98,56.55,100,1,2,2,2,0,1,0,3,2,2,2,2,2,4,0,2
"2020-09-23",50.93,61.98,56.55,100,1,2,2,2,0,1,0,3,2,2,2,2,2,4,0,2
"2020-09-24",50.93,61.98,56.55,100,1,2,2,2,0,1,0,3,2,2,2,2,2,4,0,2
"2020-09-25",50.93,61.98,56.55,100,1,2,2,2,0,1,0,3,2,2,2,2,2,4,0,2
"2020-09-26",50.93,61.98,56.55,100,1,2,2,2,0,1,0,3,2,2,2,2,2,4,0,2
"2020-09-27",50.93,61.98,56.55,100,1,2,2,2,0,1,0,3,2,2,2,2,2,4,0,2
"2020-09-28",56.48,65.1,60.12,100,1,2,2,4,0,1,0,3,2,2,2,2,2,4,0,2
"2020-09-29",50.93,61.98,56.55,100,1,2,2,2,0,1,0,3,2,2,2,2,2,4,0,2
"2020-09-30",50.93,61.98,56.55,100,1,2,2,2,0,1,0,3,2,2,2,2,2,4,0,2
"2020-10-01",45.37,58.85,52.98,100,1,2,1,2,0,1,0,3,2,2,2,2,2,4,0,2
"2020-10-02",45.37,58.85,52.98,100,1,2,1,2,0,1,0,3,2,2,2,2,2,4,0,2
"2020-10-03",50.93,61.98,56.55,100,1,2,1,4,0,1,0,3,2,2,2,2,2,4,0,2
"2020-10-04",45.37,58.85,52.98,100,1,2,1,2,0,1,0,3,2,2,2,2,2,4,0,2
"2020-10-05",45.37,58.85,52.98,100,1,2,1,2,0,1,0,3,2,2,2,2,2,4,0,2
"2020-10-06",45.37,58.85,52.98,100,1,2,1,2,0,1,0,3,2,2,2,2,2,4,0,2
"2020-10-07",45.37,58.85,52.98,100,1,2,1,2,0,1,0,3,2,2,2,2,2,4,0,2
"2020-10-08",45.37,58.85,52.98,100,1,2,1,2,0,1,0,3,2,2,2,2,2,4,0,2
"2020-10-09",45.37,58.85,52.98,100,1,2,1,2,0,1,0,3,2,2,2,2,2,4,0,2
"2020-10-10",45.37,58.85,52.98,100,1,2,1,2,0,1,0,3,2,2,2,2,2,4,0,2
"2020-10-11",45.37,58.85,52.98,100,1,2,1,2,0,1,0,3,2,2,2,2,2,4,0,2
"2020-10-12",45.37,58.85,52.98,100,1,2,1,2,0,1,0,3,2,2,2,2,2,4,0,2
"2020-10-13",45.37,58.85,52.98,100,1,2,1,2,0,1,0,3,2,2,2,2,2,4,0,2
"2020-10-14",45.37,58.85,52.98,100,1,2,1,2,0,1,0,3,2,2,2,2,2,4,0,2
"2020-10-15",45.37,58.85,52.98,100,1,2,1,2,0,1,0,3,2,2,2,2,2,4,0,2
"2020-10-16",45.37,58.85,52.98,100,1,2,1,2,0,1,0,3,2,2,2,2,2,4,0,2
"2020-10-17",45.37,58.85,52.98,100,1,2,1,2,0,1,0,3,2,2,2,2,2,4,0,2
"2020-10-18",45.37,58.85,52.98,100,1,2,1,2,0,1,0,3,2,2,2,2,2,4,0,2
"2020-10-19",45.37,58.85,52.98,100,1,2,1,2,0,1,0,3,2,2,2,2,2,4,0,2
"2020-10-20",45.37,58.85,52.98,100,1,2,1,2,0,1,0,3,2,2,2,2,2,4,0,2
"2020-10-21",45.37,58.85,52.98,100,1,2,1,2,0,1,0,3,2,2,2,2,2,4,0,2
"2020-10-22",50.93,61.98,56.55,100,1,2,1,4,0,1,0,3,2,2,2,2,2,4,0,2
"2020-10-23",45.37,58.85,52.98,100,1,2,1,2,0,1,0,3,2,2,2,2,2,4,0,2
"2020-10-24",45.37,58.85,52.98,100,1,2,1,2,0,1,0,3,2,2,2,2,2,4,0,2
"2020-10-25",45.37,58.85,52.98,100,1,2,1,2,0,1,0,3,2,2,2,2,2,4,0,2
"2020-10-26",45.37,58.85,52.98,100,1,2,1,2,0,1,0,3,2,2,2,2,2,4,0,2
"2020-10-27",45.37,58.85,52.98,100,1,2,1,2,0,1,0,3,2,2,2,2,2,4,0,2
"2020-10-28",45.37,58.85,52.98,100,1,2,1,2,0,1,0,3,2,2,2,2,2,4,0,2
"2020-10-29",45.37,58.85,52.98,100,1,2,1,2,0,1,0,3,2,2,2,2,2,4,0,2
"2020-10-30",45.37,58.85,52.98,100,1,2,1,2,0,1,0,3,2,2,2,2,2,4,0,2
"2020-10-31",45.37,58.85,52.98,100,1,2,1,2,0,1,0,3,2,2,2,2,2,4,0,2
"2020-11-01",50.93,61.98,56.55,100,1,2,1,4,0,1,0,3,2,2,2,2,2,4,0,2
"2020-11-02",45.37,58.85,52.98,100,1,2,1,2,0,1,0,3,2,2,2,2,2,4,0,2
"2020-11-03",45.37,58.85,52.98,100,1,2,1,2,0,1,0,3,2,2,2,2,2,4,0,2
"2020-11-04",45.37,58.85,52.98,100,1,2,1,2,0,1,0,3,2,2,2,2,2,4,0,2
"2020-11-05",45.37,58.85,52.98,100,1,2,1,2,0,1,0,3,2,2,2,2,2,4,0,2
"2020-11-06",45.37,58.85,52.98,100,1,2,1,2,0,1,0,3,2,2,2,2,2,4,0,2
"2020-11-07",45.37,58.85,52.98,100,1,2,1,2,0,1,0,3,2,2,2,2,2,4,0,2
"2020-11-08",45.37,58.85,52.98,100,1,2,1,2,0,1,0,3,2,2,2,2,2,4,0,2
"2020-11-09",45.37,58.85,52.98,100,1,2,1,2,0,1,0,3,2,2,2,2,2,4,0,2
"2020-11-10",45.37,58.85,52.98,100,1,2,1,2,0,1,0,3,2,2,2,2,2,4,0,2
"2020-11-11",45.37,58.85,52.98,100,1,2,1,2,0,1,0,3,2,2,2,2,2,4,0,2
"2020-11-12",45.37,58.85,52.98,100,1,2,1,2,0,1,0,3,2,2,2,2,2,4,0,2
"2020-11-13",45.37,58.85,52.98,100,1,2,1,2,0,1,0,3,2,2,2,2,2,4,0,2
"2020-11-14",45.37,58.85,52.98,100,1,2,1,2,0,1,0,3,2,2,2,2,2,4,0,2
"2020-11-15",45.37,58.85,52.98,100,1,2,1,2,0,1,0,3,2,2,2,2,2,4,0,2
"2020-11-16",45.37,58.85,52.98,100,1,2,1,2,0,1,0,3,2,2,2,2,2,4,0,2
"2020-11-17",45.37,58.85,52.98,100,1,2,1,2,0,1,0,3,2,2,2,2,2,4,0,2
"2020-11-18",45.37,58.85,52.98,100,1,2,1,2,0,1,0,3,2,2,2,2,2,4,0,2
"2020-11-19",45.37,58.85,52.98,100,1,2,1,2,0,1,0,3,2,2,2,2,2,4,0,2
"2020-11-20",45.37,58.85,52.98,100,1,2,1,2,0,1,0,3,2,2,2,2,2,4,0,2
"2020-11-21",45.37,58.85,52.98,100,1,2,1,2,0,1,0,3,2,2,2,2,2,4,0,2
"2020-11-22",45.37,58.85,52.98,100,1,2,1,2,0,1,0,3,2,2,2,2,2,4,0,2
"2020-11-23",45.37,58.85,52.98,100,1,2,1,2,0,1,0,3,2,2,2,2,2,4,0,2
"2020-11-24",45.37,58.85,52.98,100,1,2,1,2,0,1,0,3,2,2,2,2,2,4,0,2
"2020-11-25",45.37,58.85,52.98,100,1,2,1,2,0,1,0,3,2,2,2,2,2,4,0,2
"2020-11-26",45.37,58.85,52.98,100,1,2,1,2,0,1,0,3,2,2,2,2,2,4,0,2
"2020-11-27",45.37,58.85,52.98,100,1,2,1,2,0,1,0,3,2,2,2,2,2,4,0,2
"2020-11-28",45.37,58.85,52.98,100,1,2,1,2,0,1,0,3,2,2,2,2,2,4,0,2
"2020-11-29",45.37,58.85,52.98,100,1,2,1,2,0,1,0,3,2,2,2,2,2,4,0,2
"2020-11-30",45.37,58.85,52.98,100,1,2,1,2,0,1,0,3,2,2,2,2,2,4,0,2
"2020-12-01",45.37,58.85,52.98,100,1,2,1,2,0,1,0,3,2,2,2,2,2,4,0,2
"2020-12-02",45.37,58.85,52.98,100,1,2,1,2,0,1,0,3,2,2,2,2,2,4,0,2
"2020-12-03",50.93,61.98,56.55,100,1,2,1,4,0,1,0,3,2,2,2,2,2,4,0,2
"2020-12-04",45.37,58.85,52.98,100,1,2,1,2,0,1,0,3,2,2,2,2,2,4,0,2
"2020-12-05",45.37,58.85,52.98,100,1,2,1,2,0,1,0,3,2,2,2,2,2,4,0,2
"2020-12-06",45.37,58.85,52.98,100,1,2,1,2,0,1,0,3,2,2,2,2,2,4,0,2
"2020-12-07",45.37,58.85,52.98,100,1,2,1,2,0,1,0,3,2,2,2,2,2,4,0,2
"2020-12-08",45.37,58.85,52.98,100,1,2,1,2,0,1,0,3,2,2,2,2,2,4,0,2
"2020-12-09",45.37,58.85,52.98,100,1,2,1,2,0,1,0,3,2,2,2,2,2,4,0,2
"2020-12-10",45.37,58.85,52.98,100,1,2,1,2,0,1,0,3,2,2,2,2,2,4,0,2
"2020-12-11",45.37,58.85,52.98,100,1,2,1,2,0,1,0,3,2,2,2,2,2,4,0,2
"2020-12-12",45.37,58.85,52.98,100,1,2,1,2,0,1,0,3,2,2,2,2,2,4,0,2
"2020-12-13",45.37,58.85,52.98,100,1,2,1,2,0,1,0,3,2,2,2,2,2,4,0,2
"2020-12-14",50.93,61.98,56.55,100,1,2,1,4,0,1,0,3,2,2,2,2,2,4,0,2
"2020-12-15",50.93,61.98,56.55,100,1,2,1,4,0,1,0,3,2,2,2,2,2,4,0,2
"2020-12-16",50.93,61.98,56.55,100,1,2,1,4,0,1,0,3,2,2,2,2,2,4,0,2
"2020-12-17",50.93,61.98,56.55,100,1,2,1,4,0,1,0,3,2,2,2,2,2,4,0,2
"2020-12-18",50.93,61.98,56.55,100,1,2,1,4,0,1,0,3,2,2,2,2,2,4,0,2
"2020-12-19",50.93,61.98,56.55,100,1,2,1,4,0,1,0,3,2,2,2,2,2,4,0,2
"2020-12-20",50.93,61.98,56.55,100,1,2,1,4,0,1,0,3,2,2,2,2,2,4,0,2
"2020-12-21",50.93,61.98,56.55,100,1,2,1,4,0,1,0,3,2,2,2,2,2,4,0,2
"2020-12-22",50.93,64.06,58.93,100,1,2,1,4,0,1,0,3,2,2,2,3,2,4,0,2
"2020-12-23",50.93,64.06,58.93,100,1,2,1,4,0,1,0,3,2,2,2,3,2,4,0,2
"2020-12-24",50.93,64.06,58.93,100,1,2,1,4,0,1,0,3,2,2,2,3,2,4,0,2
"2020-12-25",50.93,64.06,58.93,100,1,2,1,4,0,1,0,3,2,2,2,3,2,4,0,2
"2020-12-26",50.93,64.06,58.93,100,1,2,1,4,0,1,0,3,2,2,2,3,2,4,0,2
"2020-12-27",50.93,64.06,58.93,100,1,2,1,4,0,1,0,3,2,2,2,3,2,4,0,2
"2020-12-28",50.93,64.06,58.93,100,1,2,1,4,0,1,0,3,2,2,2,3,2,4,0,2
"2020-12-29",45.37,60.94,55.36,100,1,2,1,2,0,1,0,3,2,2,2,3,2,4,0,2
"2020-12-30",45.37,62.19,56.79,100,1,2,1,2,0,1,0,3,2,2,2,3,2,4,1,2
"2020-12-31",45.37,62.19,56.79,100,1,2,1,2,0,1,0,3,2,2,2,3,2,4,1,2
"2021-01-01",45.37,62.19,56.79,100,1,2,1,2,0,1,0,3,2,2,2,3,2,4,1,2
"2021-01-02",45.37,62.19,56.79,100,1,2,1,2,0,1,0,3,2,2,2,3,2,4,1,2
"2021-01-03",45.37,62.19,56.79,100,1,2,1,2,0,1,0,3,2,2,2,3,2,4,1,2
"2021-01-04",45.37,62.19,56.79,100,1,2,1,2,0,1,0,3,2,2,2,3,2,4,1,2
"2021-01-05",45.37,62.19,56.79,100,1,2,1,2,0,1,0,3,2,2,2,3,2,4,1,2
"2021-01-06",45.37,62.19,56.79,100,1,2,1,2,0,1,0,3,2,2,2,3,2,4,1,2
"2021-01-07",45.37,62.19,56.79,100,1,2,1,2,0,1,0,3,2,2,2,3,2,4,1,2
"2021-01-08",45.37,62.19,56.79,100,1,2,1,2,0,1,0,3,2,2,2,3,2,4,1,2
"2021-01-09",45.37,62.19,56.79,100,1,2,1,2,0,1,0,3,2,2,2,3,2,4,1,2
"2021-01-10",45.37,62.19,56.79,100,1,2,1,2,0,1,0,3,2,2,2,3,2,4,1,2
"2021-01-11",45.37,62.19,56.79,100,1,2,1,2,0,1,0,3,2,2,2,3,2,4,1,2
"2021-01-12",45.37,62.19,56.79,100,1,2,1,2,0,1,0,3,2,2,2,3,2,4,1,2
"2021-01-13",45.37,62.19,56.79,100,1,2,1,2,0,1,0,3,2,2,2,3,2,4,1,2
"2021-01-14",45.37,62.19,56.79,100,1,2,1,2,0,1,0,3,2,2,2,3,2,4,1,2
"2021-01-15",50.93,65.31,60.36,100,1,2,1,4,0,1,0,3,2,2,2,3,2,4,1,2
"2021-01-16",50.93,65.31,60.36,100,1,2,1,4,0,1,0,3,2,2,2,3,2,4,1,2
"2021-01-17",50.93,65.31,60.36,100,1,2,1,4,0,1,0,3,2,2,2,3,2,4,1,2
"2021-01-18",50.93,65.31,60.36,100,1,2,1,4,0,1,0,3,2,2,2,3,2,4,1,2
"2021-01-19",50.93,65.31,60.36,100,1,2,1,4,0,1,0,3,2,2,2,3,2,4,1,2
"2021-01-20",50.93,65.31,60.36,100,1,2,1,4,0,1,0,3,2,2,2,3,2,4,1,2
"2021-01-21",50.93,65.31,60.36,100,1,2,1,4,0,1,0,3,2,2,2,3,2,4,1,2
"2021-01-22",50.93,65.31,60.36,100,1,2,1,4,0,1,0,3,2,2,2,3,2,4,1,2
"2021-01-23",50.93,65.31,60.36,100,1,2,1,4,0,1,0,3,2,2,2,3,2,4,1,2
"2021-01-24",50.93,65.31,60.36,100,1,2,1,4,0,1,0,3,2,2,2,3,2,4,1,2
"2021-01-25",50.93,65.31,60.36,100,1,2,1,4,0,1,0,3,2,2,2,3,2,4,1,2
"2021-01-26",50.93,65.31,60.36,100,1,2,1,4,0,1,0,3,2,2,2,3,2,4,1,2
"2021-01-27",50.93,66.56,61.79,100,1,2,1,4,0,1,0,3,2,2,2,3,2,4,2,2
"2021-01-28",50.93,66.56,61.79,100,1,2,1,4,0,1,0,3,2,2,2,3,2,4,2,2
"2021-01-29",50.93,66.56,61.79,100,1,2,1,4,0,1,0,3,2,2,2,3,2,4,2,2
"2021-01-30",50.93,66.56,61.79,100,1,2,1,4,0,1,0,3,2,2,2,3,2,4,2,2
"2021-01-31",50.93,66.56,61.79,100,1,2,1,4,0,1,0,3,2,2,2,3,2,4,2,2
"2021-02-01",50.93,66.56,61.79,100,1,2,1,4,0,1,0,3,2,2,2,3,2,4,2,2
"2021-02-02",50.93,66.56,61.79,100,1,2,1,4,0,1,0,3,2,2,2,3,2,4,2,2
"2021-02-03",50.93,66.56,61.79,100,1,2,1,4,0,1,0,3,2,2,2,3,2,4,2,2
"2021-02-04",50.93,66.56,61.79,100,1,2,1,4,0,1,0,3,2,2,2,3,2,4,2,2
"2021-02-05",50.93,66.56,61.79,100,1,2,1,4,0,1,0,3,2,2,2,3,2,4,2,2
"2021-02-06",50.93,66.56,61.79,100,1,2,1,4,0,1,0,3,2,2,2,3,2,4,2,2
"2021-02-07",50.93,66.56,61.79,100,1,2,1,4,0,1,0,3,2,2,2,3,2,4,2,2
"2021-02-08",50.93,66.56,61.79,100,1,2,1,4,0,1,0,3,2,2,2,3,2,4,2,2
"2021-02-09",50.93,66.56,61.79,100,1,2,1,4,0,1,0,3,2,2,2,3,2,4,2,2
"2021-02-10",50.93,66.56,61.79,100,1,2,1,4,0,1,0,3,2,2,2,3,2,4,2,2
"2021-02-11",50.93,66.56,61.79,100,1,2,1,4,0,1,0,3,2,2,2,3,2,4,2,2
"2021-02-12",50.93,66.56,61.79,100,1,2,1,4,0,1,0,3,2,2,2,3,2,4,2,2
"2021-02-13",50.93,66.56,61.79,100,1,2,1,4,0,1,0,3,2,2,2,3,2,4,2,2
"2021-02-14",50.93,66.56,61.79,100,1,2,1,4,0,1,0,3,2,2,2,3,2,4,2,2
"2021-02-15",50.93,66.56,61.79,100,1,2,1,4,0,1,0,3,2,2,2,3,2,4,2,2
"2021-02-16",50.93,66.56,61.79,100,1,2,1,4,0,1,0,3,2,2,2,3,2,4,2,2
"2021-02-17",50.93,66.56,61.79,100,1,2,1,4,0,1,0,3,2,2,2,3,2,4,2,2
"2021-02-18",50.93,66.56,61.79,100,1,2,1,4,0,1,0,3,2,2,2,3,2,4,2,2
"2021-02-19",50.93,66.56,61.79,100,1,2,1,4,0,1,0,3,2,2,2,3,2,4,2,2
"2021-02-20",50.93,66.56,61.79,100,1,2,1,4,0,1,0,3,2,2,2,3,2,4,2,2
"2021-02-21",50.93,66.56,61.79,100,1,2,1,4,0,1,0,3,2,2,2,3,2,4,2,2
"2021-02-22",50.93,66.56,61.79,100,1,2,1,4,0,1,0,3,2,2,2,3,2,4,2,2
"2021-02-23",50.93,66.56,61.79,100,1,2,1,4,0,1,0,3,2,2,2,3,2,4,2,2
"2021-02-24",50.93,66.56,61.79,100,1,2,1,4,0,1,0,3,2,2,2,3,2,4,2,2
"2021-02-25",50.93,66.56,61.79,100,1,2,1,4,0,1,0,3,2,2,2,3,2,4,2,2
"2021-02-26",50.93,66.56,61.79,100,1,2,1,4,0,1,0,3,2,2,2,3,2,4,2,2
"2021-02-27",50.93,66.56,61.79,100,1,2,1,4,0,1,0,3,2,2,2,3,2,4,2,2
"2021-02-28",50.93,66.56,61.79,100,1,2,1,4,0,1,0,3,2,2,2,3,2,4,2,2
"2021-03-01",50.93,66.56,61.79,100,1,2,1,4,0,1,0,3,2,2,2,3,2,4,2,2
"2021-03-02",50.93,66.56,61.79,100,1,2,1,4,0,1,0,3,2,2,2,3,2,4,2,2
"2021-03-03",50.93,66.56,61.79,100,1,2,1,4,0,1,0,3,2,2,2,3,2,4,2,2
"2021-03-04",50.93,66.56,61.79,100,1,2,1,4,0,1,0,3,2,2,2,3,2,4,2,2
"2021-03-05",50.93,66.56,61.79,100,1,2,1,4,0,1,0,3,2,2,2,3,2,4,2,2
"2021-03-06",50.93,66.56,61.79,100,1,2,1,4,0,1,0,3,2,2,2,3,2,4,2,2
"2021-03-07",50.93,66.56,61.79,100,1,2,1,4,0,1,0,3,2,2,2,3,2,4,2,2
"2021-03-08",50.93,66.56,61.79,100,1,2,1,4,0,1,0,3,2,2,2,3,2,4,2,2
"2021-03-09",50.93,66.56,61.79,100,1,2,1,4,0,1,0,3,2,2,2,3,2,4,2,2
"2021-03-10",50.93,66.56,61.79,100,1,2,1,4,0,1,0,3,2,2,2,3,2,4,2,2
"2021-03-11",50.93,66.56,61.79,100,1,2,1,4,0,1,0,3,2,2,2,3,2,4,2,2
"2021-03-12",50.93,66.56,61.79,100,1,2,1,4,0,1,0,3,2,2,2,3,2,4,2,2
"2021-03-13",50.93,66.56,61.79,100,1,2,1,4,0,1,0,3,2,2,2,3,2,4,2,2
"2021-03-14",50.93,66.56,61.79,100,1,2,1,4,0,1,0,3,2,2,2,3,2,4,2,2
"2021-03-15",50.93,66.56,61.79,100,1,2,1,4,0,1,0,3,2,2,2,3,2,4,2,2
"2021-03-16",50.93,66.56,61.79,100,1,2,1,4,0,1,0,3,2,2,2,3,2,4,2,2
"2021-03-17",50.93,66.56,61.79,100,1,2,1,4,0,1,0,3,2,2,2,3,2,4,2,2
"2021-03-18",50.93,66.56,61.79,100,1,2,1,4,0,1,0,3,2,2,2,3,2,4,2,2
"2021-03-19",50.93,66.56,61.79,100,1,2,1,4,0,1,0,3,2,2,2,3,2,4,2,2
"2021-03-20",50.93,66.56,61.79,100,1,2,1,4,0,1,0,3,2,2,2,3,2,4,2,2
"2021-03-21",50.93,66.56,61.79,100,1,2,1,4,0,1,0,3,2,2,2,3,2,4,2,2
"2021-03-22",50.93,66.56,61.79,100,1,2,1,4,0,1,0,3,2,2,2,3,2,4,2,2
"2021-03-23",50.93,66.56,61.79,100,1,2,1,4,0,1,0,3,2,2,2,3,2,4,2,2
"2021-03-24",50.93,69.06,64.64,100,1,2,1,4,0,1,0,3,2,2,2,3,2,4,4,2
"2021-03-25",50.93,69.06,64.64,100,1,2,1,4,0,1,0,3,2,2,2,3,2,4,4,2
"2021-03-26",50.93,69.06,64.64,100,1,2,1,4,0,1,0,3,2,2,2,3,2,4,4,2
"2021-03-27",50.93,69.06,64.64,100,1,2,1,4,0,1,0,3,2,2,2,3,2,4,4,2
"2021-03-28",50.93,69.06,64.64,100,1,2,1,4,0,1,0,3,2,2,2,3,2,4,4,2
"2021-03-29",50.93,69.06,64.64,100,1,2,1,4,0,1,0,3,2,2,2,3,2,4,4,2
"2021-03-30",50.93,69.06,64.64,100,1,2,1,4,0,1,0,3,2,2,2,3,2,4,4,2
"2021-03-31",50.93,69.06,64.64,100,1,2,1,4,0,1,0,3,2,2,2,3,2,4,4,2
"2021-04-01",50.93,69.06,64.64,100,1,2,1,4,0,1,0,3,2,2,2,3,2,4,4,2
"2021-04-02",50.93,69.06,64.64,100,1,2,1,4,0,1,0,3,2,2,2,3,2,4,4,2
"2021-04-03",50.93,69.06,64.64,100,1,2,1,4,0,1,0,3,2,2,2,3,2,4,4,2
"2021-04-04",50.93,69.06,64.64,100,1,2,1,4,0,1,0,3,2,2,2,3,2,4,4,2
"2021-04-05",50.93,69.06,64.64,100,1,2,1,4,0,1,0,3,2,2,2,3,2,4,4,2
"2021-04-06",50.93,69.06,64.64,100,1,2,1,4,0,1,0,3,2,2,2,3,2,4,4,2
"2021-04-07",50.93,69.06,64.64,100,1,2,1,4,0,1,0,3,2,2,2,3,2,4,4,2
"2021-04-08",50.93,69.06,64.64,100,1,2,1,4,0,1,0,3,2,2,2,3,2,4,4,2
"2021-04-09",50.93,69.06,64.64,100,1,2,1,4,0,1,0,3,2,2,2,3,2,4,4,2
"2021-04-10",50.93,69.06,64.64,100,1,2,1,4,0,1,0,3,2,2,2,3,2,4,4,2
"2021-04-11",50.93,69.06,64.64,100,1,2,1,4,0,1,0,3,2,2,2,3,2,4,4,2
"2021-04-12",50.93,69.06,64.64,100,1,2,1,4,0,1,0,3,2,2,2,3,2,4,4,2
"2021-04-13",50.93,69.06,64.64,100,1,2,1,4,0,1,0,3,2,2,2,3,2,4,4,2
"2021-04-14",50.93,69.06,64.64,100,1,2,1,4,0,1,0,3,2,2,2,3,2,4,4,2
"2021-04-15",50.93,69.06,64.64,100,1,2,1,4,0,1,0,3,2,2,2,3,2,4,4,2
"2021-04-16",50.93,69.06,64.64,100,1,2,1,4,0,1,0,3,2,2,2,3,2,4,4,2
"2021-04-17",50.93,69.06,64.64,100,1,2,1,4,0,1,0,3,2,2,2,3,2,4,4,2
"2021-04-18",50.93,69.06,64.64,100,1,2,1,4,0,1,0,3,2,2,2,3,2,4,4,2
"2021-04-19",50.93,69.06,64.64,100,1,2,1,4,0,1,0,3,2,2,2,3,2,4,4,2
"2021-04-20",50.93,69.06,64.64,100,1,2,1,4,0,1,0,3,2,2,2,3,2,4,4,2
"2021-04-21",50.93,69.06,64.64,100,1,2,1,4,0,1,0,3,2,2,2,3,2,4,4,2
"2021-04-22",50.93,69.06,64.64,100,1,2,1,4,0,1,0,3,2,2,2,3,2,4,4,2
"2021-04-23",50.93,69.06,64.64,100,1,2,1,4,0,1,0,3,2,2,2,3,2,4,4,2
"2021-04-24",50.93,69.06,64.64,100,1,2,1,4,0,1,0,3,2,2,2,3,2,4,4,2
"2021-04-25",50.93,69.06,64.64,100,1,2,1,4,0,1,0,3,2,2,2,3,2,4,4,2
"2021-04-26",50.93,69.06,64.64,100,1,2,1,4,0,1,0,3,2,2,2,3,2,4,4,2
"2021-04-27",50.93,69.06,64.64,100,1,2,1,4,0,1,0,3,2,2,2,3,2,4,4,2
"2021-04-28",50.93,69.06,64.64,100,1,2,1,4,0,1,0,3,2,2,2,3,2,4,4,2
"2021-04-29",50.93,69.06,64.64,100,1,2,1,4,0,1,0,3,2,2,2,3,2,4,4,2
"2021-04-30",50.93,69.06,64.64,100,1,2,1,4,0,1,0,3,2,2,2,3,2,4,4,2
"2021-05-01",50.93,69.06,64.64,100,1,2,1,4,0,1,0,3,2,2,2,3,2,4,4,2
"2021-05-02",50.93,69.06,64.64,100,1,2,1,4,0,1,0,3,2,2,2,3,2,4,4,2
"2021-05-03",50.93,69.06,64.64,100,1,2,1,4,0,1,0,3,2,2,2,3,2,4,4,2
"2021-05-04",52.78,70.1,65.83,100,2,2,1,4,0,1,0,3,2,2,2,3,2,4,4,2
"2021-05-05",52.78,70.1,65.83,100,2,2,1,4,0,1,0,3,2,2,2,3,2,4,4,2
"2021-05-06",52.78,70.1,65.83,100,2,2,1,4,0,1,0,3,2,2,2,3,2,4,4,2
"2021-05-07",52.78,70.1,65.83,100,2,2,1,4,0,1,0,3,2,2,2,3,2,4,4,2
"2021-05-08",52.78,70.1,65.83,100,2,2,1,4,0,1,0,3,2,2,2,3,2,4,4,2
"2021-05-09",52.78,70.1,65.83,100,2,2,1,4,0,1,0,3,2,2,2,3,2,4,4,2
"2021-05-10",52.78,70.1,65.83,100,2,2,1,4,0,1,0,3,2,2,2,3,2,4,4,2
"2021-05-11",52.78,70.1,65.83,100,2,2,1,4,0,1,0,3,2,2,2,3,2,4,4,2
"2021-05-12",52.78,70.1,65.83,100,2,2,1,4,0,1,0,3,2,2,2,3,2,4,4,2
"2021-05-13",52.78,70.1,65.83,100,2,2,1,4,0,1,0,3,2,2,2,3,2,4,4,2
"2021-05-14",52.78,70.1,65.83,100,2,2,1,4,0,1,0,3,2,2,2,3,2,4,4,2
"2021-05-15",52.78,70.1,65.83,100,2,2,1,4,0,1,0,3,2,2,2,3,2,4,4,2
"2021-05-16",52.78,70.1,65.83,100,2,2,1,4,0,1,0,3,2,2,2,3,2,4,4,2
"2021-05-17",52.78,70.1,65.83,100,2,2,1,4,0,1,0,3,2,2,2,3,2,4,4,2
"2021-05-18",52.78,70.1,65.83,100,2,2,1,4,0,1,0,3,2,2,2,3,2,4,4,2
"2021-05-19",58.33,73.23,69.4,100,3,2,1,4,0,1,0,3,2,2,2,3,2,4,4,2
"2021-05-20",58.33,73.23,69.4,100,3,2,1,4,0,1,0,3,2,2,2,3,2,4,4,2
"2021-05-21",58.33,73.23,69.4,100,3,2,1,4,0,1,0,3,2,2,2,3,2,4,4,2
"2021-05-22",58.33,73.23,69.4,100,3,2,1,4,0,1,0,3,2,2,2,3,2,4,4,2
"2021-05-23",58.33,73.23,69.4,100,3,2,1,4,0,1,0,3,2,2,2,3,2,4,4,2
"2021-05-24",58.33,73.23,69.4,100,3,2,1,4,0,1,0,3,2,2,2,3,2,4,4,2
"2021-05-25",58.33,73.23,69.4,100,3,2,1,4,0,1,0,3,2,2,2,3,2,4,4,2
"2021-05-26",58.33,73.23,69.4,100,3,2,1,4,0,1,0,3,2,2,2,3,2,4,4,2
"2021-05-27",58.33,73.23,69.4,100,3,2,1,4,0,1,0,3,2,2,2,3,2,4,4,2
"2021-05-28",58.33,73.23,69.4,100,3,2,1,4,0,1,0,3,2,2,2,3,2,4,4,2
"2021-05-29",58.33,73.23,69.4,100,3,2,1,4,0,1,0,3,2,2,2,3,2,4,4,2
"2021-05-30",58.33,73.23,69.4,100,3,2,1,4,0,1,0,3,2,2,2,3,2,4,4,2
"2021-05-31",58.33,73.23,69.4,100,3,2,1,4,0,1,0,3,2,2,2,3,2,4,4,2
"2021-06-01",58.33,73.23,69.4,100,3,2,1,4,0,1,0,3,2,2,2,3,2,4,4,2
"2021-06-02",58.33,73.23,69.4,100,3,2,1,4,0,1,0,3,2,2,2,3,2,4,4,2
"2021-06-03",58.33,73.23,69.4,100,3,2,1,4,0,1,0,3,2,2,2,3,2,4,4,2
"2021-06-04",58.33,73.23,69.4,100,3,2,1,4,0,1,0,3,2,2,2,3,2,4,4,2
"2021-06-05",58.33,75.31,71.79,100,3,2,1,4,0,1,0,3,2,2,2,3,2,4,4,3
"2021-06-06",58.33,75.31,71.79,100,3,2,1,4,0,1,0,3,2,2,2,3,2,4,4,3
"2021-06-07",58.33,75.31,71.79,100,3,2,1,4,0,1,0,3,2,2,2,3,2,4,4,3
"2021-06-08",58.33,75.31,71.79,100,3,2,1,4,0,1,0,3,2,2,2,3,2,4,4,3
"2021-06-09",58.33,75.31,71.79,100,3,2,1,4,0,1,0,3,2,2,2,3,2,4,4,3
"2021-06-10",58.33,75.31,71.79,100,3,2,1,4,0,1,0,3,2,2,2,3,2,4,4,3
"2021-06-11",58.33,76.56,73.21,100,3,2,1,4,0,1,0,3,2,2,2,3,2,4,5,3
"2021-06-12",58.33,76.56,73.21,100,3,2,1,4,0,1,0,3,2,2,2,3,2,4,5,3
"2021-06-13",58.33,76.56,73.21,100,3,2,1,4,0,1,0,3,2,2,2,3,2,4,5,3
"2021-06-14",58.33,76.56,73.21,100,3,2,1,4,0,1,0,3,2,2,2,3,2,4,5,3
"2021-06-15",58.33,76.56,73.21,100,3,2,1,4,0,1,0,3,2,2,2,3,2,4,5,3
"2021-06-16",58.33,76.56,73.21,100,3,2,1,4,0,1,0,3,2,2,2,3,2,4,5,3
"2021-06-17",58.33,76.56,73.21,100,3,2,1,4,0,1,0,3,2,2,2,3,2,4,5,3
"2021-06-18",58.33,76.56,73.21,100,3,2,1,4,0,1,0,3,2,2,2,3,2,4,5,3
"2021-06-19",58.33,76.56,73.21,100,3,2,1,4,0,1,0,3,2,2,2,3,2,4,5,3
"2021-06-20",58.33,76.56,73.21,100,3,2,1,4,0,1,0,3,2,2,2,3,2,4,5,3
"2021-06-21",58.33,76.56,73.21,100,3,2,1,4,0,1,0,3,2,2,2,3,2,4,5,3
"2021-06-22",58.33,76.56,73.21,100,3,2,1,4,0,1,0,3,2,2,2,3,2,4,5,3
"2021-06-23",58.33,76.56,73.21,100,3,2,1,4,0,1,0,3,2,2,2,3,2,4,5,3
"2021-06-24",58.33,76.56,73.21,100,3,2,1,4,0,1,0,3,2,2,2,3,2,4,5,3
"2021-06-25",58.33,76.56,73.21,100,3,2,1,4,0,1,0,3,2,2,2,3,2,4,5,3
"2021-06-26",58.33,76.56,73.21,100,3,2,1,4,0,1,0,3,2,2,2,3,2,4,5,3
"2021-06-27",58.33,76.56,73.21,100,3,2,1,4,0,1,0,3,2,2,2,3,2,4,5,3
"2021-06-28",54.63,74.48,70.83,100,2,2,1,4,0,1,0,3,2,2,2,3,2,4,5,3
"2021-06-29",54.63,74.48,70.83,100,2,2,1,4,0,1,0,3,2,2,2,3,2,4,5,3
"2021-06-30",54.63,74.48,70.83,100,2,2,1,4,0,1,0,3,2,2,2,3,2,4,5,3
"2021-07-01",54.63,74.48,70.83,100,2,2,1,4,0,1,0,3,2,2,2,3,2,4,5,3
"2021-07-02",54.63,74.48,70.83,100,2,2,1,4,0,1,0,3,2,2,2,3,2,4,5,3
"2021-07-03",54.63,74.48,70.83,100,2,2,1,4,0,1,0,3,2,2,2,3,2,4,5,3
"2021-07-04",54.63,74.48,70.83,100,2,2,1,4,0,1,0,3,2,2,2,3,2,4,5,3
"2021-07-05",54.63,74.48,70.83,100,2,2,1,4,0,1,0,3,2,2,2,3,2,4,5,3
"2021-07-06",50.93,72.4,68.45,100,1,2,1,4,0,1,0,3,2,2,2,3,2,4,5,3
"2021-07-07",50.93,72.4,68.45,100,1,2,1,4,0,1,0,3,2,2,2,3,2,4,5,3
"2021-07-08",50.93,72.4,68.45,100,1,2,1,4,0,1,0,3,2,2,2,3,2,4,5,3
"2021-07-09",50.93,72.4,68.45,100,1,2,1,4,0,1,0,3,2,2,2,3,2,4,5,3
"2021-07-10",50.93,72.4,68.45,100,1,2,1,4,0,1,0,3,2,2,2,3,2,4,5,3
"2021-07-11",50.93,72.4,68.45,100,1,2,1,4,0,1,0,3,2,2,2,3,2,4,5,3
"2021-07-12",50.93,72.4,68.45,100,1,2,1,4,0,1,0,3,2,2,2,3,2,4,5,3
"2021-07-13",50.93,72.4,68.45,100,1,2,1,4,0,1,0,3,2,2,2,3,2,4,5,3
"2021-07-14",50.93,72.4,68.45,100,1,2,1,4,0,1,0,3,2,2,2,3,2,4,5,3
"2021-07-15",50.93,72.4,68.45,100,1,2,1,4,0,1,0,3,2,2,2,3,2,4,5,3
"2021-07-16",50.93,72.4,68.45,100,1,2,1,4,0,1,0,3,2,2,2,3,2,4,5,3
"2021-07-17",50.93,72.4,68.45,100,1,2,1,4,0,1,0,3,2,2,2,3,2,4,5,3
"2021-07-18",50.93,72.4,68.45,100,1,2,1,4,0,1,0,3,2,2,2,3,2,4,5,3
"2021-07-19",50.93,72.4,68.45,100,1,2,1,4,0,1,0,3,2,2,2,3,2,4,5,3
"2021-07-20",50.93,72.4,68.45,100,1,2,1,4,0,1,0,3,2,2,2,3,2,4,5,3
"2021-07-21",50.93,72.4,68.45,100,1,2,1,4,0,1,0,3,2,2,2,3,2,4,5,3
"2021-07-22",50.93,72.4,68.45,100,1,2,1,4,0,1,0,3,2,2,2,3,2,4,5,3
"2021-07-23",50.93,72.4,68.45,100,1,2,1,4,0,1,0,3,2,2,2,3,2,4,5,3
"2021-07-24",50.93,72.4,68.45,100,1,2,1,4,0,1,0,3,2,2,2,3,2,4,5,3
"2021-07-25",50.93,72.4,68.45,100,1,2,1,4,0,1,0,3,2,2,2,3,2,4,5,3
"2021-07-26",50.93,72.4,68.45,100,1,2,1,4,0,1,0,3,2,2,2,3,2,4,5,3
"2021-07-27",50.93,72.4,68.45,100,1,2,1,4,0,1,0,3,2,2,2,3,2,4,5,3
"2021-07-28",50.93,72.4,68.45,100,1,2,1,4,0,1,0,3,2,2,2,3,2,4,5,3
"2021-07-29",50.93,72.4,68.45,100,1,2,1,4,0,1,0,3,2,2,2,3,2,4,5,3
"2021-07-30",50.93,72.4,68.45,100,1,2,1,4,0,1,0,3,2,2,2,3,2,4,5,3
"2021-07-31",50.93,72.4,68.45,100,1,2,1,4,0,1,0,3,2,2,2,3,2,4,5,3
"2021-08-01",50.93,72.4,68.45,100,1,2,1,4,0,1,0,3,2,2,2,3,2,4,5,3
"2021-08-02",50.93,72.4,68.45,100,1,2,1,4,0,1,0,3,2,2,2,3,2,4,5,3
"2021-08-03",50.93,72.4,68.45,100,1,2,1,4,0,1,0,3,2,2,2,3,2,4,5,3
"2021-08-04",50.93,72.4,68.45,100,1,2,1,4,0,1,0,3,2,2,2,3,2,4,5,3
"2021-08-05",50.93,72.4,68.45,100,1,2,1,4,0,1,0,3,2,2,2,3,2,4,5,3
"2021-08-06",50.93,72.4,68.45,100,1,2,1,4,0,1,0,3,2,2,2,3,2,4,5,3
"2021-08-07",50.93,72.4,68.45,100,1,2,1,4,0,1,0,3,2,2,2,3,2,4,5,3
"2021-08-08",50.93,72.4,68.45,100,1,2,1,4,0,1,0,3,2,2,2,3,2,4,5,3
"2021-08-09",50.93,72.4,68.45,100,1,2,1,4,0,1,0,3,2,2,2,3,2,4,5,3
"2021-08-10",47.22,70.31,66.07,100,1,1,1,4,0,1,0,3,2,2,2,3,2,4,5,3
"2021-08-11",47.22,70.31,66.07,100,1,1,1,4,0,1,0,3,2,2,2,3,2,4,5,3
"2021-08-12",47.22,70.31,66.07,100,1,1,1,4,0,1,0,3,2,2,2,3,2,4,5,3
"2021-08-13",47.22,70.31,66.07,100,1,1,1,4,0,1,0,3,2,2,2,3,2,4,5,3
"2021-08-14",47.22,70.31,66.07,100,1,1,1,4,0,1,0,3,2,2,2,3,2,4,5,3
"2021-08-15",47.22,70.31,66.07,100,1,1,1,4,0,1,0,3,2,2,2,3,2,4,5,3
"2021-08-16",47.22,70.31,66.07,100,1,1,1,4,0,1,0,3,2,2,2,3,2,4,5,3
"2021-08-17",47.22,70.31,66.07,100,1,1,1,4,0,1,0,3,2,2,2,3,2,4,5,3
"2021-08-18",47.22,70.31,66.07,100,1,1,1,4,0,1,0,3,2,2,2,3,2,4,5,3
"2021-08-19",47.22,70.31,66.07,100,1,1,1,4,0,1,0,3,2,2,2,3,2,4,5,3
"2021-08-20",47.22,70.31,66.07,100,1,1,1,4,0,1,0,3,2,2,2,3,2,4,5,3
"2021-08-21",47.22,70.31,66.07,100,1,1,1,4,0,1,0,3,2,2,2,3,2,4,5,3
"2021-08-22",47.22,70.31,66.07,100,1,1,1,4,0,1,0,3,2,2,2,3,2,4,5,3
"2021-08-23",47.22,70.31,66.07,100,1,1,1,4,0,1,0,3,2,2,2,3,2,4,5,3
"2021-08-24",47.22,70.31,66.07,100,1,1,1,4,0,1,0,3,2,2,2,3,2,4,5,3
"2021-08-25",47.22,70.31,66.07,100,1,1,1,4,0,1,0,3,2,2,2,3,2,4,5,3
"2021-08-26",47.22,70.31,66.07,100,1,1,1,4,0,1,0,3,2,2,2,3,2,4,5,3
"2021-08-27",47.22,70.31,66.07,100,1,1,1,4,0,1,0,3,2,2,2,3,2,4,5,3
"2021-08-28",47.22,70.31,66.07,100,1,1,1,4,0,1,0,3,2,2,2,3,2,4,5,3
"2021-08-29",47.22,70.31,66.07,100,1,1,1,4,0,1,0,3,2,2,2,3,2,4,5,3
"2021-08-30",47.22,70.31,66.07,100,1,1,1,4,0,1,0,3,2,2,2,3,2,4,5,3
"2021-08-31",47.22,70.31,66.07,100,1,1,1,4,0,1,0,3,2,2,2,3,2,4,5,3
"2021-09-01",47.22,70.31,66.07,100,1,1,1,4,0,1,0,3,2,2,2,3,2,4,5,3
"2021-09-02",47.22,70.31,66.07,100,1,1,1,4,0,1,0,3,2,2,2,3,2,4,5,3
"2021-09-03",47.22,70.31,66.07,100,1,1,1,4,0,1,0,3,2,2,2,3,2,4,5,3
"2021-09-04",47.22,70.31,66.07,100,1,1,1,4,0,1,0,3,2,2,2,3,2,4,5,3
"2021-09-05",47.22,70.31,66.07,100,1,1,1,4,0,1,0,3,2,2,2,3,2,4,5,3
"2021-09-06",47.22,70.31,66.07,100,1,1,1,4,0,1,0,3,2,2,2,3,2,4,5,3
"2021-09-07",47.22,70.31,66.07,100,1,1,1,4,0,1,0,3,2,2,2,3,2,4,5,3
"2021-09-08",47.22,70.31,66.07,100,1,1,1,4,0,1,0,3,2,2,2,3,2,4,5,3
"2021-09-09",47.22,70.31,66.07,100,1,1,1,4,0,1,0,3,2,2,2,3,2,4,5,3
"2021-09-10",47.22,70.31,66.07,100,1,1,1,4,0,1,0,3,2,2,2,3,2,4,5,3
"2021-09-11",47.22,70.31,66.07,100,1,1,1,4,0,1,0,3,2,2,2,3,2,4,5,3
"2021-09-12",47.22,70.31,66.07,100,1,1,1,4,0,1,0,3,2,2,2,3,2,4,5,3
"2021-09-13",47.22,70.31,66.07,100,1,1,1,4,0,1,0,3,2,2,2,3,2,4,5,3
"2021-09-14",47.22,70.31,66.07,100,1,1,1,4,0,1,0,3,2,2,2,3,2,4,5,3
"2021-09-15",47.22,70.31,66.07,100,1,1,1,4,0,1,0,3,2,2,2,3,2,4,5,3
"2021-09-16",47.22,70.31,66.07,100,1,1,1,4,0,1,0,3,2,2,2,3,2,4,5,3
"2021-09-17",47.22,70.31,66.07,100,1,1,1,4,0,1,0,3,2,2,2,3,2,4,5,3
"2021-09-18",47.22,70.31,66.07,100,1,1,1,4,0,1,0,3,2,2,2,3,2,4,5,3
"2021-09-19",47.22,70.31,66.07,100,1,1,1,4,0,1,0,3,2,2,2,3,2,4,5,3
"2021-09-20",47.22,70.31,66.07,100,1,1,1,4,0,1,0,3,2,2,2,3,2,4,5,3
"2021-09-21",47.22,70.31,66.07,100,1,1,1,4,0,1,0,3,2,2,2,3,2,4,5,3
"2021-09-22",47.22,70.31,66.07,100,1,1,1,4,0,1,0,3,2,2,2,3,2,4,5,3
"2021-09-23",47.22,70.31,66.07,100,1,1,1,4,0,1,0,3,2,2,2,3,2,4,5,3
"2021-09-24",47.22,70.31,66.07,100,1,1,1,4,0,1,0,3,2,2,2,3,2,4,5,3
"2021-09-25",47.22,70.31,66.07,100,1,1,1,4,0,1,0,3,2,2,2,3,2,4,5,3
"2021-09-26",47.22,70.31,66.07,100,1,1,1,4,0,1,0,3,2,2,2,3,2,4,5,3
"2021-09-27",50.93,72.4,68.45,100,2,1,1,4,0,1,0,3,2,2,2,3,2,4,5,3
"2021-09-28",50.93,72.4,68.45,100,2,1,1,4,0,1,0,3,2,2,2,3,2,4,5,3
"2021-09-29",50.93,72.4,68.45,100,2,1,1,4,0,1,0,3,2,2,2,3,2,4,5,3
"2021-09-30",50.93,72.4,68.45,100,2,1,1,4,0,1,0,3,2,2,2,3,2,4,5,3
"2021-10-01",50.93,72.4,68.45,100,2,1,1,4,0,1,0,3,2,2,2,3,2,4,5,3
"2021-10-02",50.93,72.4,68.45,100,2,1,1,4,0,1,0,3,2,2,2,3,2,4,5,3
"2021-10-03",50.93,72.4,68.45,100,2,1,1,4,0,1,0,3,2,2,2,3,2,4,5,3
"2021-10-04",50.93,72.4,68.45,100,2,1,1,4,0,1,0,3,2,2,2,3,2,4,5,3
"2021-10-05",50.93,72.4,68.45,100,2,1,1,4,0,1,0,3,2,2,2,3,2,4,5,3
"2021-10-06",50.93,72.4,68.45,100,2,1,1,4,0,1,0,3,2,2,2,3,2,4,5,3
"2021-10-07",50.93,72.4,68.45,100,2,1,1,4,0,1,0,3,2,2,2,3,2,4,5,3
"2021-10-08",50.93,72.4,68.45,100,2,1,1,4,0,1,0,3,2,2,2,3,2,4,5,3
"2021-10-09",50.93,72.4,68.45,100,2,1,1,4,0,1,0,3,2,2,2,3,2,4,5,3
"2021-10-10",50.93,72.4,68.45,100,2,1,1,4,0,1,0,3,2,2,2,3,2,4,5,3
"2021-10-11",50.93,72.4,68.45,100,2,1,1,4,0,1,0,3,2,2,2,3,2,4,5,3
"2021-10-12",50.93,72.4,68.45,100,2,1,1,4,0,1,0,3,2,2,2,3,2,4,5,3
"2021-10-13",50.93,72.4,68.45,100,2,1,1,4,0,1,0,3,2,2,2,3,2,4,5,3
"2021-10-14",50.93,72.4,68.45,100,2,1,1,4,0,1,0,3,2,2,2,3,2,4,5,3
"2021-10-15",50.93,72.4,68.45,100,2,1,1,4,0,1,0,3,2,2,2,3,2,4,5,3
"2021-10-16",50.93,72.4,68.45,100,2,1,1,4,0,1,0,3,2,2,2,3,2,4,5,3
"2021-10-17",50.93,72.4,68.45,100,2,1,1,4,0,1,0,3,2,2,2,3,2,4,5,3
"2021-10-18",50.93,72.4,68.45,100,2,1,1,4,0,1,0,3,2,2,2,3,2,4,5,3
"2021-10-19",50.93,72.4,68.45,100,2,1,1,4,0,1,0,3,2,2,2,3,2,4,5,3
"2021-10-20",50.93,72.4,68.45,100,2,1,1,4,0,1,0,3,2,2,2,3,2,4,5,3
"2021-10-21",50.93,72.4,68.45,100,2,1,1,4,0,1,0,3,2,2,2,3,2,4,5,3
"2021-10-22",50.93,72.4,68.45,100,2,1,1,4,0,1,0,3,2,2,2,3,2,4,5,3
"2021-10-23",50.93,72.4,68.45,100,2,1,1,4,0,1,0,3,2,2,2,3,2,4,5,3
"2021-10-24",47.22,70.31,66.07,100,1,1,1,4,0,1,0,3,2,2,2,3,2,4,5,3
"2021-10-25",47.22,70.31,66.07,100,1,1,1,4,0,1,0,3,2,2,2,3,2,4,5,3
"2021-10-26",44.44,68.75,64.29,100,1,1,1,4,0,1,0,2,2,2,2,3,2,4,5,3
"2021-10-27",44.44,68.75,64.29,100,1,1,1,4,0,1,0,2,2,2,2,3,2,4,5,3
"2021-10-28",44.44,68.75,64.29,100,1,1,1,4,0,1,0,2,2,2,2,3,2,4,5,3
"2021-10-29",44.44,68.75,64.29,100,1,1,1,4,0,1,0,2,2,2,2,3,2,4,5,3
"2021-10-30",44.44,68.75,64.29,100,1,1,1,4,0,1,0,2,2,2,2,3,2,4,5,3
"2021-10-31",44.44,68.75,64.29,100,1,1,1,4,0,1,0,2,2,2,2,3,2,4,5,3
"2021-11-01",44.44,68.75,64.29,100,1,1,1,4,0,1,0,2,2,2,2,3,2,4,5,3
"2021-11-02",44.44,68.75,64.29,100,1,1,1,4,0,1,0,2,2,2,2,3,2,4,5,3
"2021-11-03",44.44,68.75,64.29,100,1,1,1,4,0,1,0,2,2,2,2,3,2,4,5,3
"2021-11-04",44.44,68.75,64.29,100,1,1,1,4,0,1,0,2,2,2,2,3,2,4,5,3
"2021-11-05",44.44,68.75,64.29,100,1,1,1,4,0,1,0,2,2,2,2,3,2,4,5,3
"2021-11-06",44.44,68.75,64.29,100,1,1,1,4,0,1,0,2,2,2,2,3,2,4,5,3
"2021-11-07",44.44,68.75,64.29,100,1,1,1,4,0,1,0,2,2,2,2,3,2,4,5,3
"2021-11-08",44.44,68.75,64.29,100,1,1,1,4,0,1,0,2,2,2,2,3,2,4,5,3
"2021-11-09",44.44,68.75,64.29,100,1,1,1,4,0,1,0,2,2,2,2,3,2,4,5,3
"2021-11-10",44.44,68.75,64.29,100,1,1,1,4,0,1,0,2,2,2,2,3,2,4,5,3
"2021-11-11",44.44,68.75,64.29,100,1,1,1,4,0,1,0,2,2,2,2,3,2,4,5,3
"2021-11-12",44.44,68.75,64.29,100,1,1,1,4,0,1,0,2,2,2,2,3,2,4,5,3
"2021-11-13",44.44,68.75,64.29,100,1,1,1,4,0,1,0,2,2,2,2,3,2,4,5,3
"2021-11-14",44.44,68.75,64.29,100,1,1,1,4,0,1,0,2,2,2,2,3,2,4,5,3
"2021-11-15",44.44,68.75,64.29,100,1,1,1,4,0,1,0,2,2,2,2,3,2,4,5,3
"2021-11-16",44.44,68.75,64.29,100,1,1,1,4,0,1,0,2,2,2,2,3,2,4,5,3
"2021-11-17",44.44,68.75,64.29,100,1,1,1,4,0,1,0,2,2,2,2,3,2,4,5,3
"2021-11-18",44.44,68.75,64.29,100,1,1,1,4,0,1,0,2,2,2,2,3,2,4,5,3
"2021-11-19",44.44,68.75,64.29,100,1,1,1,4,0,1,0,2,2,2,2,3,2,4,5,3
"2021-11-20",44.44,68.75,64.29,100,1,1,1,4,0,1,0,2,2,2,2,3,2,4,5,3
"2021-11-21",44.44,68.75,64.29,100,1,1,1,4,0,1,0,2,2,2,2,3,2,4,5,3
"2021-11-22",44.44,68.75,64.29,100,1,1,1,4,0,1,0,2,2,2,2,3,2,4,5,3
"2021-11-23",44.44,68.75,64.29,100,1,1,1,4,0,1,0,2,2,2,2,3,2,4,5,3
"2021-11-24",44.44,68.75,64.29,100,1,1,1,4,0,1,0,2,2,2,2,3,2,4,5,3
"2021-11-25",44.44,68.75,64.29,100,1,1,1,4,0,1,0,2,2,2,2,3,2,4,5,3
"2021-11-26",44.44,68.75,64.29,100,1,1,1,4,0,1,0,2,2,2,2,3,2,4,5,3
"2021-11-27",44.44,68.75,64.29,100,1,1,1,4,0,1,0,2,2,2,2,3,2,4,5,3
"2021-11-28",44.44,68.75,64.29,100,1,1,1,4,0,1,0,2,2,2,2,3,2,4,5,3
"2021-11-29",44.44,68.75,64.29,100,1,1,1,4,0,1,0,2,2,2,2,3,2,4,5,3
"2021-11-30",44.44,68.75,64.29,100,1,1,1,4,0,1,0,2,2,2,2,3,2,4,5,3
"2021-12-01",44.44,68.75,64.29,100,1,1,1,4,0,1,0,2,2,2,2,3,2,4,5,3
"2021-12-02",44.44,68.75,64.29,100,1,1,1,4,0,1,0,2,2,2,2,3,2,4,5,3
"2021-12-03",44.44,68.75,64.29,100,1,1,1,4,0,1,0,2,2,2,2,3,2,4,5,3
"2021-12-04",44.44,68.75,64.29,100,1,1,1,4,0,1,0,2,2,2,2,3,2,4,5,3
"2021-12-05",44.44,68.75,64.29,100,1,1,1,4,0,1,0,2,2,2,2,3,2,4,5,3
"2021-12-06",44.44,68.75,64.29,100,1,1,1,4,0,1,0,2,2,2,2,3,2,4,5,3
"2021-12-07",44.44,68.75,64.29,100,1,1,1,4,0,1,0,2,2,2,2,3,2,4,5,3
"2021-12-08",44.44,68.75,64.29,100,1,1,1,4,0,1,0,2,2,2,2,3,2,4,5,3
"2021-12-09",44.44,68.75,64.29,100,1,1,1,4,0,1,0,2,2,2,2,3,2,4,5,3
"2021-12-10",44.44,68.75,64.29,100,1,1,1,4,0,1,0,2,2,2,2,3,2,4,5,3
"2021-12-11",44.44,68.75,64.29,100,1,1,1,4,0,1,0,2,2,2,2,3,2,4,5,3
"2021-12-12",44.44,68.75,64.29,100,1,1,1,4,0,1,0,2,2,2,2,3,2,4,5,3
"2021-12-13",44.44,68.75,64.29,100,1,1,1,4,0,1,0,2,2,2,2,3,2,4,5,3
"2021-12-14",44.44,68.75,64.29,100,1,1,1,4,0,1,0,2,2,2,2,3,2,4,5,3
"2021-12-15",44.44,68.75,64.29,100,1,1,1,4,0,1,0,2,2,2,2,3,2,4,5,3
"2021-12-16",44.44,68.75,64.29,100,1,1,1,4,0,1,0,2,2,2,2,3,2,4,5,3
"2021-12-17",44.44,68.75,64.29,100,1,1,1,4,0,1,0,2,2,2,2,3,2,4,5,3
"2021-12-18",44.44,68.75,64.29,100,1,1,1,4,0,1,0,2,2,2,2,3,2,4,5,3
"2021-12-19",44.44,68.75,64.29,100,1,1,1,4,0,1,0,2,2,2,2,3,2,4,5,3
"2021-12-20",44.44,68.75,64.29,100,1,1,1,4,0,1,0,2,2,2,2,3,2,4,5,3
"2021-12-21",44.44,68.75,64.29,100,1,1,1,4,0,1,0,2,2,2,2,3,2,4,5,3
"2021-12-22",44.44,68.75,64.29,100,1,1,1,4,0,1,0,2,2,2,2,3,2,4,5,3
"2021-12-23",44.44,68.75,64.29,100,1,1,1,4,0,1,0,2,2,2,2,3,2,4,5,3
"2021-12-24",44.44,68.75,64.29,100,1,1,1,4,0,1,0,2,2,2,2,3,2,4,5,3
"2021-12-25",44.44,68.75,64.29,100,1,1,1,4,0,1,0,2,2,2,2,3,2,4,5,3
"2021-12-26",44.44,68.75,64.29,100,1,1,1,4,0,1,0,2,2,2,2,3,2,4,5,3
"2021-12-27",44.44,68.75,64.29,100,1,1,1,4,0,1,0,2,2,2,2,3,2,4,5,3
"2021-12-28",44.44,68.75,64.29,100,1,1,1,4,0,1,0,2,2,2,2,3,2,4,5,3
"2021-12-29",44.44,68.75,64.29,100,1,1,1,4,0,1,0,2,2,2,2,3,2,4,5,3
"2021-12-30",44.44,68.75,64.29,100,1,1,1,4,0,1,0,2,2,2,2,3,2,4,5,3
"2021-12-31",44.44,68.75,64.29,100,1,1,1,4,0,1,0,2,2,2,2,3,2,4,5,3
