"V1","V2","V3","V4","V5","V6","V7","V8","V9","V10"
1.18224858853666,0.774214245609423,1.03263768218052,3.30088543614194,0.33486874311517,0.396815311734839,0.875135752343987,0.932817673666467,1.26658715440893,0.971906533431474
2.58585369117873,1.04746325527762,2.59443075265097,1.16392947230995,1.53078584344046,0.90381007604153,0.780629328800145,1.6614262322007,1.65057656163834,4.91963418537153
1.48349041444395,1.9797415056622,1.17096173721867,1.36683497407244,9.27707136168693,0.683664215307762,0.643134691071785,0.907494164540266,3.71808040109213,4.12007774205604
1.90998659567963,2.77995282447254,1.0518661922161,5.150248261207,1.62640297438646,0.662458593719312,0.629189617459347,1.59697319740177,2.79652502289608,1.68057402228626
2.21234767950788,1.8052829223115,1.36252423050632,2.3290299202203,2.78907910961543,0.827521124818589,0.782914876893683,0.973639546107036,1.41031660786812,0.314174828828315
0.818261940064741,0.425368822819367,0.777532615840606,0.977384278807916,0.270533712829264,2.07174846015491,1.59839509035893,0.887613859066617,1.19088817977721,0.617228055532592
1.69591462764142,0.239257755889274,1.08572792659678,1.65024116042653,1.3741401919225,1.19682034538955,1.75332049810008,0.733964629490773,1.05590482466911,1.6888929493414
1.12534903218222,1.43813610248438,0.852909398308676,0.832450857513676,0.62727349241848,1.05328799215823,1.38311967382356,1.33977746005001,1.07879903926656,0.477997085433762
0.771911187161202,0.982104239270481,0.74258424186381,1.26116953416534,1.09799180275229,0.331960158262827,1.70050269609619,0.476264167982571,0.590341934434848,0.891832096724
0.366628283699643,0.645508011970687,0.780878551876708,0.709419271634927,0.815982158339809,0.23811986691486,1.01380100445431,0.763922736249668,0.379983966762054,1.42360989368531
2.11014916617504,1.19904607228031,1.48339754476528,0.219125601648038,1.08127166139526,0.729300879801294,0.746514575871553,0.669087651518682,1.67276762074509,6.055692408654
0.856742083854949,0.925200159725582,0.552822555734547,0.973240284617185,1.3797242755208,1.85391247394234,1.40228357685045,1.18653422057551,2.2617078669283,1.83012226524644
1.71188592964205,0.806281317438903,2.18192787517321,0.972655580330134,0.57531907613146,3.08576667158084,2.14864028776251,1.09769296957467,0.854123705773482,1.23845369496161
0.890968562775647,1.98033962165388,1.22332993087864,0.719197546387144,0.501847145422104,2.35424546294318,0.481274876711789,2.69630142932233,0.474046498065865,1.75776243775268
0.423121389440209,0.54375451993268,0.489655253802617,1.36088495176169,1.11748401593752,1.4934606798359,1.24644516132992,0.759626848613829,1.22090157924797,1.30559092540359
0.370604265665618,0.673969090909987,3.16622579671989,1.76165151281147,0.859027747954953,1.33078957148164,1.10879612111508,1.20242780828113,0.80231080768435,1.20279884965513
1.38475694203398,2.58246606933551,1.16576396289763,0.592978130469366,2.10453545588434,0.793254927425757,1.08776181357872,0.935301368427939,1.8102197535278,0.669834952625732
0.449674031856509,0.694988434741817,1.16028638371241,0.552366541822196,0.491451480962596,1.60241838053527,0.798228754968058,5.67092405988448,0.749799880414078,3.20157631441508
5.54323759008731,0.903205093950358,1.31530813986637,0.85557792474473,0.993970467324513,1.83727430489426,0.864429613517074,1.29280920710962,1.71104130800871,0.64079909474801
0.357276724004075,1.03423837785044,1.58423460605532,1.37907589573872,1.1707894550355,0.433250215198992,2.62101687145515,3.48702620040108,0.639608419431962,2.0523132128928
0.337429954868179,0.898021886014832,0.808570747329196,1.22241688222667,5.1861670772567,1.08499877879841,0.602146219910232,1.10770334224668,0.81418467043857,4.6927378300296
1.23716117225257,0.883283689883504,1.34452874051624,2.27600361815307,0.986723788467,1.65426435033907,1.33463648089577,0.543541945365629,1.67733249142228,1.71369800823434
1.09493033138744,1.45576727451515,2.82527815244167,0.933559736922426,0.623916196256793,0.696101725783591,1.38338882679453,2.18516922201052,0.399841605458311,2.51501797311015
1.06322726537423,1.63906838183029,1.93308474796636,0.887113362707536,0.729744036489604,0.934176123762927,1.01304143275037,1.9429398279788,2.94365835996268,2.50757773080496
1.67772765384377,4.53509626834492,1.19943712586176,0.705143723639061,3.04763310140286,1.08254915116457,1.17951234403731,1.71994788394959,0.783552077470624,1.83932599371442
0.671364768261928,1.37623939668541,2.07501283141911,0.638740979914528,1.84233862258585,5.85508166094012,1.06688011373329,1.65700328874221,0.965366666421855,0.912905968088636
0.662637155315092,1.05189224319133,1.51751543233397,1.77265862532838,0.76398081410407,4.94177703251853,2.0784783960646,0.588293706930736,1.05828446129469,1.3937829025439
0.289294465974881,1.52138480001046,0.785804142885987,3.65922667997757,0.632602122180089,0.525152581292679,0.854313696077421,0.651670103827665,3.21976542741765,0.730301531254775
0.425887133780253,0.565344517605382,0.998679145236541,0.646102426227505,1.52882387408761,1.05400798733256,2.51375263015103,1.1121897445825,0.938118866812578,1.66434832721906
0.932702549899142,1.19193674158597,0.44699689733408,1.56640457579691,0.641016512669594,1.30042158796065,0.79469334220863,0.868677128955867,2.84803713155096,4.04207283556534
3.96952401436329,1.10763578739464,2.41200324767775,0.99889925320886,0.383457992984268,0.58789275474958,1.00766176431993,1.16066383928794,0.237061044191947,1.84633040150688
1.96574503940421,0.435690164317583,2.62533322983702,2.92933548383243,0.544109068315893,0.458278886610015,1.26874047926961,0.424771970434138,1.57052301198169,0.389097088529134
1.19326661179446,1.25784907726796,0.774415251550921,2.57980884059419,0.849076222432152,2.71495450721004,1.49745310094764,1.63203893512622,1.1558261663778,0.621986742721451
1.40482518903354,0.938072448784868,0.599338343835958,1.59512747008945,0.605378330610097,1.26126017999605,0.665478639813249,1.53100413248654,1.04273667734986,0.809803199200394
0.839552062092836,0.199930311234824,0.717850779128644,1.11199689167395,0.339403653216999,0.340401007930445,0.438665565023123,0.870078766650295,0.460386890372492,0.612079584043716
1.53522317728515,1.21895631771084,1.32910680660285,0.407648788755416,1.67567169087844,1.55022324500282,1.23583968784944,1.89242665358622,0.908550413826921,0.991778759633074
0.59763740567082,2.18771899788859,1.57808670569042,1.32122360528426,0.30952275056889,0.426578228122171,0.685410116140156,0.477008137375303,0.44076163932024,0.491508058356215
1.07391101790274,0.650647638647069,0.640118363491518,0.28525201170317,0.346182071762746,0.428140146654359,0.586744848422609,0.584584304251745,1.62485508135256,1.80752560747097
0.653204833429693,0.462370556454202,0.313306601248532,0.428647366487162,1.89231889944651,0.320046039327214,0.474925812541469,0.982892668227513,1.24165751746774,1.04485768541811
0.239462981234745,0.777832084202626,1.93033493050814,0.838661203410163,0.539377382949051,0.929954312037883,0.24919612549387,0.271720006768418,1.07576196431825,1.30532319050609
0.409362836050147,0.24822683042048,0.749058461671603,1.00585647579789,0.884929446495586,0.360740418549854,0.350937654170277,2.90793875119314,0.64286744837912,0.590597254681678
0.701621999382464,1.11758378646582,0.309235668135601,1.34720567867078,0.825554923781852,0.300106754748575,0.319812503045817,0.309175517644254,1.32530127562189,1.34473876969558
1.70182170861587,1.0360088579623,1.43154177064465,0.298321614147682,0.350366918080504,1.35576651434024,3.68681977703396,0.674945315521346,0.342662300531721,1.31895305612509
0.819138463316947,1.21521483420389,3.26658871736008,0.655822745960153,0.750120128206641,0.658289300720112,0.443016836095358,1.01095874983363,0.731193101728099,0.171594927401638
1.13744951612599,1.22996407679909,0.917952313973625,0.999757472750211,0.815318846059713,1.02088199750207,1.82085322332873,1.15349345851833,0.355464713049742,0.341513285807385
0.252670095491206,2.38961548837822,0.595490679402371,0.725321619371742,1.09168795435108,0.306262817349958,0.325187459929696,0.404434996866066,0.550378653632208,0.448895796166811
2.13054459408375,0.923096404751719,2.19298730458278,1.30411069189794,0.305885588194658,0.38371679936862,0.489970978822092,1.03443212049711,0.506275464848534,1.21219834987574
0.568464726808714,0.48365281809235,1.19009522101747,1.18708351894579,0.568848434154555,0.465169636322882,0.252096254689006,0.691347524897284,1.3890466044599,0.870615094920166
0.470589508165232,0.66759283894908,1.05251617961428,1.55137155943055,1.22807451804012,0.714731324743274,0.457395182660066,1.34636698817316,1.06791455816019,0.930178380918218
1.27492330872938,0.734531595450416,1.24147759805708,0.452671528477686,0.643245876569302,0.399385454142465,1.80376006133042,1.64055674367482,0.748102124229914,0.766205496129475
0.228256212693851,0.540637922960666,0.538372805033673,0.420242199184761,0.838763808695614,1.22560166789409,0.780428009781114,0.278506135037669,0.635386704111785,0.634242890800297
0.619069920611608,2.84743254731554,1.05709663793376,0.208100080666176,0.728840431986377,0.734392209260961,0.683540487034041,0.667602316911404,0.639841104157725,1.07725372595486
0.761955253801138,1.91932155503513,0.314218964784389,0.48514139935143,0.53388334116597,0.842333373312898,0.711892126958782,0.969996827004319,0.551090083941224,0.559942658236331
0.901203898245835,0.958058556871578,0.306526458677999,0.450942243540777,0.752319743151272,0.879784044686849,0.720275411650218,0.439132463345138,0.618622239272229,0.170699575679218
0.623965311815655,1.11529007889537,0.937200757747957,0.579554572941096,0.447122964389741,0.467836498307997,1.18255862466324,0.359239868959669,0.675360117563648,0.615070697405923
0.378602552388439,0.485696660486117,0.385210544988014,0.976950751150176,0.584767348609885,0.67216000668968,0.672966582505522,0.767283668651861,0.395957775487646,0.567241271564082
1.24579914856348,0.486604435739828,0.158904557699213,0.561053011303088,0.81036703525626,0.478272015788656,0.35904345769448,2.33448174776643,0.449720273749453,0.958164554735667
0.863919723133232,0.63102623244253,0.630368001147767,0.275963708027749,0.466303552233308,0.938990851290515,0.298113289807941,1.15167036882695,0.593189675578237,0.235889404349487
1.43898951450316,1.05484124803095,0.766965908170057,1.21038284898869,2.56141498604808,0.50463100222327,1.00757961106739,0.93080436977315,0.492190737843209,0.751751254023387
0.584048359393553,1.41842399988803,0.866683923996516,0.381944986086001,0.641073011342181,0.633513651271708,0.899911458589034,0.429450396320198,1.19495538699274,1.15232890293323
0.60799754692408,0.444113401860681,0.579893981299146,1.22399284775253,0.829660169623701,0.357604663109018,0.14780809652853,0.71072909168894,1.49194466117552,1.58161208846602
1.88243611577242,0.457166122381481,1.53290819660073,1.00329622473648,0.914769448524286,0.820871689952001,0.814211660287507,0.382496658168979,0.621723742591774,1.43701224260662
0.748764354623317,0.724672632651119,1.36033123975631,0.819441440122091,0.683775632050339,2.76946072669837,0.708497906744157,0.387885195407626,0.799227450681494,0.457745520991948
1.54671687346826,0.69503143818756,0.787580160016861,3.13547693948142,0.543713340540686,1.32707521311798,0.542115756443848,1.00239337885894,1.28999340362009,0.375344375849769
0.317895017043155,0.582880797326094,0.629896556903954,0.61592964386803,0.351849500990709,1.97666528515623,0.514613683827165,0.88742791204984,0.456133567447673,0.464228865703305
0.606156837893511,0.417846990183157,0.270308472322968,0.762261286501614,0.510362401724401,0.764131012559619,0.814319928720992,0.647349043678332,2.37002109561978,2.56902356351381
0.651187087875417,2.47584669969877,0.963685086905794,0.326226819527313,0.682027882424695,0.655717772317694,0.236964358475763,2.10576302540345,0.159762835117959,0.638497508675188
0.585701202764039,0.660021381953626,1.89263010790564,0.188748510068705,0.375089929071061,0.842470495304226,0.967700392299327,1.09162663961594,0.638996622459932,0.311249576315075
0.935955383951223,0.495690260042829,0.469950951214011,0.807333458509819,0.472179086688889,1.65112626340098,0.791579914006112,0.32605079516153,0.554191344531579,1.03949213686842
0.619466234742973,0.650595542074226,0.804365593478531,0.416570736365336,1.54793617635609,0.274102128538163,0.587238115087703,0.328462033099249,0.162608563574827,0.570232513096372
0.790848835929264,1.22038267346038,0.876813652290947,1.80794550193084,0.73781280275735,1.01436554856705,0.620677426870064,1.55459599740218,0.330598381720328,0.385472845166147
0.998251834310614,1.09206465032065,1.08002495658301,1.07835671292921,0.621392549574007,0.625730440051627,1.44660653135422,1.7245338008669,0.580873894677363,0.666732955385927
1.57888680327121,2.87207745329245,0.426742812707422,0.924313917633655,0.371424740139303,0.716382752712888,1.65154501944701,1.16626187812977,2.1457758083598,0.924390806947718
1.015359933483,0.335997911770934,0.859315325610319,1.31245766239409,1.22012056117397,0.810946025808141,1.26740848575746,0.504721861579322,1.00761718783507,0.540791643342339
1.33822325144036,1.33100504559834,0.614546572698345,0.626784302824976,0.668325192554509,0.511754062714138,0.696856802976931,1.49739106891047,1.16780152395925,2.11835141722886
1.56338208392386,0.426048675748797,1.04826789326538,0.690251964718311,1.89460854668542,1.63503983700976,0.835141739399336,0.914993727425507,2.07809947996261,1.35722350643715
0.404246181907272,0.5242934757433,0.33265486714425,1.73991241826164,0.608250271214805,1.24657938711799,0.63996529001012,1.25587342381076,0.456967125563449,0.870523558152377
0.989464811432111,1.35928991798269,1.03729579545012,0.453346220153036,0.780199210484202,1.18867050579996,1.59002042370934,0.587829874640969,0.867134465594633,0.396736008549585
1.13821705588989,0.345479018407877,0.31855717016726,0.840458267273718,1.71168312582693,1.2689686091039,0.817704788230168,0.430482019474504,0.459253939033597,1.49447343090742
0.904015692368565,1.30969158368719,0.638148982334015,2.26483572919087,1.29934875450933,1.02522060129802,1.62077176947337,0.502820646302722,1.52493236029234,0.77464757994267
0.659756150710173,1.74470183015227,1.34549041681905,1.15723133001624,0.998722077739083,0.323036295729195,1.2338576151954,1.87991856868492,0.844027405551802,1.14263453124287
0.603092717614621,0.468754776548203,0.322938705600995,0.234126593934798,2.30145427792725,1.87499682472258,0.916326767852049,0.880952686986678,0.557616379062622,0.731495471049282
1.72352639354807,3.18264919186803,1.43634503515997,2.45627928981223,2.51902019386733,0.549852091107414,1.47324098894534,1.37882179280053,1.05751793521288,0.346536323767228
0.81921685480496,0.525488086998189,1.14256218342352,2.62563028782832,1.21305400917541,0.386433458547759,0.451790934216443,1.48633743535527,3.20550901184898,0.352641344951617
0.645780499918879,1.53504701092466,1.38829081498007,1.10245364395048,0.991779249135995,1.17083084085773,1.1355230498609,0.651406271654496,0.514027484797458,0.907194269417195
0.938396806461929,2.05679151455592,1.70596430314725,4.79066483245119,0.916242433016502,1.33260104827573,0.645794271744563,2.05851172689408,0.958197673310924,0.65911999050434
0.678638712623977,2.14831632706199,1.40469846578616,1.29782731570721,1.22692324762195,0.968142809620463,1.16676303395766,0.615900178134572,0.729466359667128,2.03558849809928
1.84951181318067,1.94796345149444,0.849278056041294,1.02781225878303,0.758076224280607,0.740644796424303,2.67902574732983,0.520793349216638,2.22269854074245,1.58677614436236
1.71501950782035,0.655302286981322,2.31142331685928,1.51528748280618,1.47483131796145,0.850954886907449,1.12589092115936,1.38740227535615,0.802700632551643,1.58743842655647
0.998967397882924,0.825971771231019,1.13908929659013,0.554322785474294,0.641636183920009,0.799541219664043,1.44335800335711,0.339384749512643,1.94283070533305,4.00410464164816
0.35159053213075,2.6503460120745,0.416762917213463,1.9756827244605,0.900534663885462,1.96295999056188,0.857115782858588,0.82662546934323,1.52178345513555,0.742361336211324
0.665278805241702,0.667662471250743,0.787714508319078,0.768686919135537,0.306432737770993,1.20228656002642,0.293054097385595,1.51004823347364,1.7015409518407,1.25820838329125
0.797908148397438,0.676351766116793,0.336138132346956,0.677520098435326,0.600993278337831,1.11634945853741,1.26256744068116,1.3995978706591,1.09788119777626,0.83143350634947
0.924278207709664,1.58281623048468,0.86904467526031,0.777297831577632,0.416681659401,0.777277714331231,1.54663864028238,1.07655907191856,1.06416374337178,0.883535753827755
2.97831344731833,1.82728855180649,1.00755895705392,0.502356335167297,0.806773679583852,0.528936989116744,1.77858585436167,0.534213867134591,0.716139849448513,0.691373164738781
1.47181635754901,0.689060992085754,1.51187148351585,0.537209098532592,0.839155366028945,0.996809717011555,2.6905651687848,1.823033896825,0.447256614561063,0.314141972087079
0.569191943095734,2.44671605481038,1.32264095467265,1.07199411990312,1.48086204507474,0.800578366917497,1.3442385994224,1.24155839873546,0.326968205884587,0.369974876969345
1.87231528127771,1.81975854499869,0.679495654284941,1.5435287017292,1.63290866243093,1.40452404391089,0.340794989309401,0.621946237325502,0.264967666228341,1.11233561225347
1.65141880795339,0.891289350388033,3.74512707546659,7.3966959167314,0.694739910928765,1.24086173053948,4.79929840713685,3.4924927938638,0.675522392899238,2.27305006138078
2.0679856300909,2.34423257857979,0.797863274159454,1.61075427026077,0.942586752003045,0.907572305808942,0.813692854117324,1.3933029978102,0.306962842451114,1.77966612986419
0.985730112625238,1.85818819985282,0.664534710325885,0.682136819106871,0.460024740258818,0.365781970683632,1.64223580383109,0.940405818688116,0.428390506894265,0.760903550394914
0.467625478236046,0.336079224072011,0.295226797530714,0.486322261275896,1.70110146527485,0.778984283583511,1.70161051077487,0.707051661937227,2.02883773709204,1.60255629485005
1.32134706088161,0.736738807434512,0.469215462400994,0.836968797098765,3.50849190068874,0.95394220327386,1.01666623333719,0.893307135742877,2.69097871002926,1.8994624246981
1.25847311483216,2.35808442806313,1.4633235332028,0.522530818731583,1.06289291695872,0.8027226200576,2.07221685447012,3.3555357932616,0.815082056838288,1.13335863973344
1.72736492841889,0.369049884793622,0.619860932637122,0.865274173819799,0.671307059394134,1.28472153674081,1.02619919628729,1.46946673216896,0.688106386499419,2.15312846844716
1.38581966635766,0.966584996738868,1.5750887058237,1.42793385814535,0.300880002944905,5.10482222712936,0.686054149767516,1.00672802507105,1.41923353976737,0.350133312003042
2.6707162795457,0.592651118310816,3.76406010223762,0.773645054858718,0.368688386255585,3.21124176781568,1.75093090978135,1.00464300374714,0.980598459872316,1.04254669822373
1.45276884002163,1.08631953554968,0.928987459767379,0.898295985331695,1.16317190080418,1.93699081720556,2.77466980434316,1.38709028313593,0.657294057265546,0.288553192754142
3.10935279272526,0.393939361795156,0.588883863068843,0.968756025646127,0.579760539950463,1.23776712499075,0.782461731438809,1.12277184821863,0.658736496024379,0.482209354834869
1.00724357207626,0.781586806396336,1.07644918515072,0.814869694908705,0.509642272095083,1.47372791555111,0.995441531143187,2.32530573237178,1.52501959883348,0.538501457746024
0.724692810183434,1.41936859825981,0.880106568137477,0.455729322972412,0.764779366676885,1.38837122700763,1.21388643037657,0.882355534935993,1.56213552517183,0.512407345822935
0.850027832962045,1.18959389718424,0.682783808300827,1.4139417768648,1.80353067918466,1.28894386324131,0.557756771913777,0.6398396936204,1.82387585780691,1.08390001850255
0.661870097761355,0.561200918062575,0.900866034030274,0.452670048859943,0.752324130320521,0.68388529878597,0.567066386757686,0.435082230383768,3.82075902692765,1.80879439111026
1.63969235255074,1.80580629381144,0.626174697579856,1.33200582666331,0.340281814760436,1.07602738990472,1.31720908744061,1.00578305457224,0.755573422941538,1.20092499407839
0.571091511242101,2.19865744880502,1.69602451743901,0.561463094251043,0.804471795950975,6.40493818879294,0.373114268078198,1.21513924533989,0.910505249631113,0.905101678670519
2.40372630743042,1.2721041124439,0.817537169350505,1.50148147084328,0.710163175772829,2.38104092129492,1.28554512297118,0.46301447234137,1.06221613432754,1.10910652982795
1.76474014838705,2.21643724719826,0.920007086589316,1.60760995163138,1.23438219252425,1.02301449106541,0.719819651204656,0.566264034106146,1.97958674209968,1.79654740617131
1.0740693971198,1.28679860752081,0.284592598577645,0.273273835229849,1.60590845664812,0.955302343430032,1.11419251824475,0.447166488541489,1.64168792682784,1.69188745149869
4.00262942836475,0.927304363660731,1.51087309025762,1.50993629784384,0.949036846848722,0.244800437521912,0.402283535501072,1.16022219373573,1.92042726294853,2.6807774896081
0.618254820532709,1.55238941460546,0.633480945728838,2.04586186711429,0.8359831595175,1.93567063637759,2.12405237581549,1.97030182004672,2.81146757222011,1.60038733465504
0.822822488651764,0.656338065390349,2.01566947646044,0.600501705376071,1.14691726532616,2.13372223180961,0.603907630620684,1.81486125864057,2.16409129546869,1.38656547797717
1.82171189301855,1.924071768984,0.858024550854996,2.88609883629985,0.93607528901681,0.363502087348176,1.12358255470165,1.60762222527728,1.64994099979836,5.89213004303813
0.645592588992849,0.510724059626329,1.60575311289,1.42242980209962,1.22124441884788,1.0265256621321,0.605672519212092,2.91911286530557,0.424608515363737,0.206974200960909
0.964871509222953,0.368386480646459,1.87022121589864,0.736373939287714,0.459273143925056,0.449487015292971,1.08768906290717,3.03667645432889,1.70454397163512,0.932697444991074
3.47594400887635,1.7018017355513,2.21120270853432,0.28677413154541,4.06782375354425,0.931438674276474,3.42602873036875,1.25436248939029,2.28750809190049,0.672332820477054
1.26424002821786,1.77200700902923,1.72673308692756,1.41793480789866,1.09279537069069,0.513664578899684,1.43479377365535,1.07057875270623,0.706970428710637,1.0430831622319
1.69019210560612,1.01845511309801,0.949726296576147,1.55549889119992,1.10511565444125,0.738552532253324,2.65064601888518,0.62889486981877,0.751612798951187,1.21320471741646
2.85271979675525,1.24243759530768,4.85352781163867,1.03935921016515,2.8238073282561,2.69856494730286,0.743737720274455,1.43367440196993,2.97475020636168,1.90867552195234
0.669413160012699,1.50051551671633,4.66395501751635,0.293920547835049,1.56220342447395,1.35341969012167,0.599251000499272,1.46543941227427,0.761172962864144,0.884741162638225
3.19706161909664,1.99974517196625,1.12842730734968,5.26054158728914,2.7694640900662,1.67671236353994,1.06129186720562,1.37255164196274,0.521021212374772,1.07681842862548
0.981298598722891,2.61930120453538,1.05001207038896,0.265201448301081,1.09516219870632,0.697936688849225,1.16450881951205,0.562864666494748,5.29380016689797,1.81184592400164
0.895153889817382,0.697384161679751,2.74316885658021,0.556338971304501,1.4391356832957,2.40915763894896,1.20818765051971,0.404820786679001,0.810645554826882,2.3060503997279
0.616181640916684,1.06460993439814,2.36284934435195,0.489749744048177,1.05578792379155,0.897951397381172,0.362248600821086,0.877120147904875,0.665158421059524,0.844678381714511
1.96541151071427,0.483615089942372,0.330206784560803,1.12730786016601,1.73583166230178,0.707405144888821,1.15558588278607,1.3330088861635,0.852721117804507,3.84462082752858
1.27539863953075,1.25019525679437,4.83194916526241,2.04354049413598,0.493237803292402,0.48017927671725,2.02326264747923,0.740567148986977,0.794756419411239,1.8921533041128
1.10224612403876,1.43049900598867,1.83143303978019,1.87975478721282,3.12368867752943,0.728722302314333,0.851243741710693,0.966148477956937,0.804664686451594,1.41616970616783
0.658746570774678,0.577635653358895,0.570364732862972,0.580599153804082,3.24742053486315,0.449872132315989,0.614167137465627,0.952634032895509,1.08295225219569,0.567796214562947
5.99847396069107,2.29220577950819,3.13192496965432,0.863341304679527,0.717714012695258,0.50891418165761,0.878840322453897,0.540462301990131,0.753910290999615,0.524702291845459
0.521982008685509,2.36847270391149,0.500078734616151,0.379721414304238,1.35132741392473,0.603221628920141,1.68765691982268,0.43224697569515,0.572222790401055,1.13780133298582
0.5737384093786,1.31304361260086,2.20441594210276,1.31848494308518,0.525209212928012,1.19558669027044,0.732667469001101,5.80827141798238,0.586430831490988,1.25271090879023
0.588472751300618,0.564535641774901,1.32630041856069,2.81181734523704,1.74016638898022,0.63472037421549,0.807187554033999,2.81396502115141,0.880881716036708,1.75121661315572
0.67652519993177,1.45694858409575,0.684038931566495,0.513856220385674,0.588708731833603,1.00589285810081,1.57339699616614,2.89977020686005,0.413538596125351,1.31819649262567
0.998721323479166,1.40069397282104,1.68209877272597,0.987541054469712,0.592110243696601,0.614240820227048,1.23392943679559,1.29709232836538,0.55922142886955,0.608467333345511
0.686769021183455,1.32280608406368,0.306845364612483,0.617235869960215,1.33248389526928,2.0028257554097,0.241002271503197,1.69591602945553,0.646180972948529,1.04859530188895
0.644889035191765,0.508385269551386,0.985447881043563,0.272320148192363,1.01964333663354,0.82141434170219,0.741623708585194,0.734801230180261,0.614586065624841,2.18179803089389
0.949076467498713,0.694206162642645,1.01457205075792,1.43386267181876,1.36766766678989,1.66565592201396,0.87546955282665,1.51017262114821,1.00011807094025,1.09270890012174
0.471996545808388,1.31715128073314,1.72059401565641,1.54171738431394,1.66837706399329,0.270677029013539,2.73263657247321,0.75819593205597,1.07407600776234,0.656601167151669
0.863473209147756,2.78092411566989,0.63245563692134,0.642068841334151,1.06054054187546,0.818568557642239,2.02226300955771,0.587970119411876,0.792823129133779,0.686345031924563
1.34797209119796,0.399525540206809,1.19823622439607,0.516359619585568,2.216409139363,1.19066898569607,1.13466994073696,2.60782376271515,0.636956150018005,0.479591650806877
0.385934894726117,1.32222127564363,1.35962814901002,0.904355106323411,2.52858896016825,2.85402408737272,0.319331330032816,0.295239098080428,0.529170868673045,0.451551122198572
0.417422937221767,0.475912537825365,0.262854233915381,0.245022259153397,1.70730876371733,0.4725240962324,0.359856265497982,0.670652336223167,0.791983597905463,0.619926387225598
1.3012186984082,1.44624299196861,0.9502324129239,0.843088985496587,0.490385745895093,0.468149803215013,0.780518566884471,3.75309962070604,0.734868740080181,2.11852554459784
0.682748772116136,0.787235592653819,0.829693885364804,1.61704202955226,0.836734817282684,0.424962465787154,1.2319863688734,1.60249007274986,0.322948277954467,0.218027604666981
1.38371033162473,0.549380088266374,0.824720883889272,0.542375710886303,0.662088848366755,1.33219153560826,0.931959693410771,0.265515032119959,0.498671979019063,1.68224156906347
1.02530353003835,0.554368030013169,0.830515157382021,2.34379271073302,0.532588957269542,0.685838384143958,0.279504077384846,1.43204336200694,0.926932127040718,0.386206098463724
0.826473597781593,0.816322369944808,0.405192007668763,0.49726292646644,0.665623425629492,0.913575637373719,1.21888394854748,0.634750328888996,1.7552699475499,1.04395123398367
0.674238618562562,0.703876071270278,1.84801331168565,1.14282085833364,1.03110732786257,0.635910767249568,0.672062879240532,0.85860774728699,2.845790023784,0.47823029696375
1.62232841264926,1.4127248004458,0.467209579399602,0.351844281143304,0.613236947979156,0.408205974200596,0.612131127078982,0.316236956124653,0.503731828345604,0.602951696868513
0.53925543835397,0.34024696618772,0.545882476925968,0.941791838039752,1.11563570747139,0.460189999853028,0.400876791593047,1.09343934170008,0.611055967930721,0.542895810124103
0.724856765879954,1.80883367123959,0.833919998827643,1.00273671772156,1.03242942167889,1.28795902468544,1.83522075944557,1.12415969978456,1.07425300704167,0.810803099668376
0.86087616775241,1.94717247813891,0.643741134381179,0.434544806234508,1.28315134800302,0.31056115050265,0.943589886195492,0.313924729611775,0.621141946083878,0.92008867609826
6.74885463979162,4.52571428935242,0.794651273597219,0.739240101253588,3.25610235622855,1.59950883945199,1.0002713807807,0.564233848814837,2.01076682734982,0.714032145948335
0.371340540880606,0.786154081448111,0.710476974690016,1.06350595906079,0.755835274467774,0.438305917067481,0.32396954504445,0.919498673673178,0.738362593105958,1.2226583939487
0.60421933327754,1.28559605331708,0.622906790222249,1.10018509563138,0.76995332243832,2.13534950908161,1.10176463881578,1.37509860030657,0.542472420238722,1.82628963189964
0.601783702839684,1.02351364163523,0.500403814712114,0.782133047527435,1.11205532548767,0.873951454847056,0.469887705325677,1.35740599529398,0.877557969906062,0.563865841738118
0.520294878935633,0.969128551283015,0.372705972926221,0.908568404680007,0.461625851490401,0.593355761391125,0.712384301838886,0.49039389973844,0.854145348495089,0.228371599856716
1.15253544793823,1.05140986547047,0.430043838723907,0.754357394743627,1.00872119677147,0.83617675420746,0.33162411301222,0.758152538813153,1.54081797612536,0.656230932023783
0.521436317957058,0.777747879234473,0.613010908201984,0.342990883903092,0.410909661515434,1.30199792539745,0.433930683997244,0.880799774091533,2.98003885642422,1.15487109668619
1.30842273131288,0.902431755947869,0.542770066987168,1.17114414231369,0.349855059887105,0.603662863584019,0.820571618581033,0.65103532786482,0.264692626227767,0.842437760854782
0.749372278279908,1.9437659212525,0.588875182417669,0.520505082187455,0.406145390156001,0.286226262866462,1.71603242759771,0.997537099231604,1.33575873771022,1.68297665131062
0.850059623797997,1.08874838620281,1.36810268467843,1.12220076678737,0.431025284676024,0.34994240438949,1.08337646809241,1.56792572116732,0.320894762517008,1.06691087515286
1.17912989639102,0.382386168935293,1.25689029089023,1.90711588865273,0.395514368770061,0.81482507100408,0.438131744474396,1.18209026327982,1.63837339723786,1.34138308988128
0.607512463881448,0.605179867641032,0.609138754418346,1.48071037974041,1.17888297743993,0.784758277731555,0.663102929395242,1.3941036538562,0.548276035703053,1.66247686501092
1.26723973944017,0.620090609106833,1.30919224521015,1.13596742482951,1.24599187504389,0.623003375448264,0.364479875297289,1.05604760669823,0.467130468590511,0.504400448894536
0.695739434980059,1.07064741615999,0.896721443190607,0.292959908795544,0.544765337316922,0.380239886980956,0.488202863309441,0.352647926077863,1.30712954531527,1.5527315675515
1.70487304963193,0.843350322554385,0.448420845562869,1.42354020598217,0.43839940975376,0.979445582051743,1.18356945491515,3.01018056513441,2.25696155676331,1.90907733149781
0.55616095797787,0.71013781194254,1.89295832090202,0.816819164576607,0.534178417972254,0.566995087812854,0.80386717677702,0.648990166584394,1.44081567472707,1.39356111044034
0.837321342714001,0.365455977293501,1.62756408259643,0.628688426507855,0.91932941672425,2.64971385768205,0.853018101537464,0.866857278431564,1.12760356032331,2.24609884805084
1.33456000103824,1.50449559794165,0.76495232423588,0.391244638973569,0.850426894811326,0.863217181476993,0.896502111007504,0.889262522982568,1.91842416011425,1.5728778251278
2.26725249803896,1.03088941917321,0.492734421458796,0.943135080113592,1.22486909644816,1.17972408288395,0.122914509996716,1.41918343481543,3.13854421486251,0.403389893691921
0.659247636232673,0.995469547402397,1.72843616028323,1.07071911312622,1.57338675476109,1.33266841913605,0.424500267039108,0.714595191719617,1.40789138125136,2.33086485554546
0.285513603466078,0.429665066083011,1.24232192969813,1.33616980151955,0.802851587819162,0.809651468410802,0.613568806967124,1.03305546065884,2.14640022071047,0.389386953317413
3.45148583290334,1.36299069584414,1.00047232856865,0.684134138270975,0.644978877950466,0.781979320348012,0.631330702954002,1.18621540226795,0.921776696409623,1.52318343224934
1.19155969475106,2.26833615656927,1.08426562696013,1.21503381126053,3.27159808486621,0.845467110768945,2.24506641351046,1.13546047427846,1.14164161375769,0.762699775670709
0.643810271077363,0.65900581581616,0.52355121757061,1.07406956895373,0.207598614748655,0.410692571516197,0.633549552106645,0.786596596895668,2.12683615050917,0.778538868465586
1.00487142645172,0.821410393452307,1.75663241251864,1.09467942185644,1.23210751009672,0.299052329443055,2.15973388014314,0.990427865996475,1.03572845823707,1.17734961997634
1.16774459122151,1.47281169059331,0.507974422972028,1.55561890491677,0.57918292325902,0.757553433890082,1.00265645971365,0.425995877864584,1.22047911574253,2.32148785826728
0.549476225218862,1.33547658604907,0.606117279096757,1.44470993253263,0.490560198499282,0.605273154425117,0.462021568150402,1.91951415568824,0.877706435597969,1.74100468279329
1.66297060629245,0.307187453251605,0.655065055213217,0.588541184967944,0.796988614859943,1.02168750975289,0.634818139694569,0.992972487770633,2.18563523089894,0.827492610893076
0.847074274930767,1.84400224049036,2.18453054007265,0.802391287377484,1.88310629343077,1.27952944679069,1.785490933669,1.29534985514738,0.874764621414348,0.591541143331434
0.376477989558777,3.76794488342494,0.744752080792582,0.935130251339576,1.6352174145528,2.2265201928343,1.22703024013881,1.13496425210331,0.494126416705366,0.740022825798534
0.465954924956155,0.886094493509272,0.676620110809236,1.34609240913046,0.718116544079996,1.57737466464305,1.01495414648244,0.891451572691604,2.18681774257617,1.2363412246814
0.592751015472534,0.998246674850213,1.17339817396926,0.786447532923327,1.77683874230644,0.647353250270877,1.35684883903112,0.565181612424504,0.823882032113687,1.17070275808749
0.545000631387415,0.608058318561976,1.65653109901382,2.62803030860704,0.502891015061079,1.43521334490639,0.37339371728668,0.493618275698195,0.576354075146307,0.827073360399438
0.605360271978656,1.21720765017399,1.68154645852856,1.38499033617109,0.616548217019822,0.62045172893868,0.773174627938144,1.4277591934958,0.847235506049879,0.569226349268212
2.11817150880226,0.711914993099827,1.75897342776259,0.679641640409705,2.1776801064016,1.34399910405902,0.657138714455441,1.47052391111311,0.537731532829731,1.11404144313503
1.88299292812225,0.808146258089907,1.17903444176093,3.20320704621784,2.0821632146995,0.490651604052572,0.724055136692461,0.31512806338023,0.325087029430488,1.7022599842044
1.44653321662377,0.536633212487892,0.622148547911799,0.80152990815959,0.644919383768416,1.14223301599877,1.73736689305478,2.16617303605517,0.706539383878678,0.950404835608797
0.449741609991385,3.38226054439961,1.15460381408734,4.3388453210641,1.74741046502384,0.782830793063867,1.34269779408913,1.2433185604723,0.719519041866196,1.76401222523072
0.250921997924008,2.28089957786845,1.52601895389349,2.36399150808269,0.715187280320717,0.416670533777567,1.02061432292294,0.727508847095926,0.787131459321896,0.477996492917893
1.41225785159102,3.10075011795814,7.01089882717226,0.515680175880447,0.939675171698255,0.468460571850599,1.17460864093565,0.730617541268788,0.912824629808025,1.18003449104467
0.57405859889751,2.43352683642352,1.1064250455074,2.04314895453771,0.461205220077217,0.814513885161116,0.863568583449827,0.941327561045504,1.77687977978236,1.73689241816066
0.320276089920652,3.02045708542347,1.32623796296463,1.14957039341537,0.988078258652645,2.022603037578,2.93171723957102,0.890262615580938,2.91851791121054,1.00674634570713
0.748829820444175,1.09735881482516,1.27881256918155,0.61910623241351,0.259004774276436,0.362265177562227,0.263939708537892,1.77516036843059,0.590356754148702,1.31873300322933
0.398836480699683,1.93289119543058,1.34388493212416,0.960213060015849,0.660462704718573,0.954025154901577,3.40249501507108,0.584583801162209,1.14021968053848,0.45443405585373
1.93953663248561,1.71178549071314,1.10441166264475,1.08300132009633,0.550246774160941,0.816432053382025,1.76051018178657,1.15553646562249,0.89169036614394,5.49415553109588
1.06338074466924,0.702854299552061,1.23098269086048,0.754856692421521,1.14165360863456,1.5381066379108,2.51297235768479,1.58494526418125,0.6537095886526,2.17723076319924
0.572796326940374,0.656127547688587,0.854652897355777,1.22585345965657,1.419894291769,0.924968178238647,1.59251157273869,1.14724953749925,1.24074965975886,0.389660322329687
1.28784630656346,1.51916315785877,0.456803963773207,0.871543500308784,1.09322306526621,1.47387718726502,0.785424774403843,1.32379380404336,0.632432804221374,0.516044478720728
3.89885827264863,1.5104063557105,0.645607515311683,0.260214335605491,2.57111406303816,0.621682408150992,0.894997284606862,0.445279286112578,2.52478104889503,0.964994075986255
0.598475183341383,4.9638007576347,1.92635511667274,1.47231494047069,1.79308098147207,1.69843942265383,0.766982240496012,1.79989140826813,1.11496665084928,0.981078871773513
1.47860078339459,1.0279711306637,1.24347670792521,0.665417666356745,1.8419545736384,0.440731890479078,1.63771599118179,0.614073726787737,0.554294207693088,1.33179458327682
0.991720799137248,0.615990137121545,0.961271415905607,0.894268401606787,1.15264504709276,1.40072901368015,3.50546785129856,2.01076694696937,0.499679190722723,1.38350449650428
2.54987731152328,0.671066000499527,0.682448338568145,1.37176466107668,0.516458903351953,2.07701545851778,0.806204905229387,0.80628753030519,0.92555020792786,1.13434541292662
1.07541107561202,0.93775532984488,0.646760173703798,0.942582974276142,1.5277800884344,0.919067627370574,0.914886074199192,1.17667225931937,1.8061723138191,0.579413584275586
0.662838723567642,0.441217885029636,2.1635659028207,0.742115284066788,0.526385506049626,0.6987095276063,0.600679231589823,2.7495320013905,0.605226359801475,3.11264984298278
0.907484310712638,0.462190388808241,2.92994006194596,0.616843548361238,1.21452037032309,0.627220408562926,0.968467134385331,0.573901401380939,2.17373879593436,1.0816603944541
1.67896979090884,0.84379038402959,0.541841999806386,1.45482025940562,0.709302048152906,0.339006748502533,3.31972540855329,1.22152508543369,0.415726383198266,1.23954698910282
1.57397162295223,0.873695061979804,0.575820360969439,1.17779807610266,0.345580040365735,0.611336798021177,0.667163245874439,0.940803397228023,1.44200421604598,0.912267932953559
1.10791551751665,1.32485705459923,0.780321739295681,0.356661730292929,0.781562828414674,0.520156375980606,3.17375349617767,0.86643371020491,0.856240206081702,0.490257442543066
1.13601388357434,0.919210751824408,0.580106796460841,1.5585783559175,0.785529687119094,0.73851116113227,0.607955089425832,0.450480121091878,1.13026165303281,0.819783056482453
0.872623404932384,1.51095132022377,0.441753988635607,1.59969175563815,0.552239271775341,0.982284869612727,1.39332918667604,0.688202085493395,0.80748792282978,1.07433899058082
0.638274935726276,0.33508692501132,0.428443306172205,0.890678405364914,0.437126612156438,0.888268169499335,0.570631555038358,0.395356009433159,0.726037397416619,0.893711757875166
0.354126212213458,0.749889312872582,0.803573008702448,0.988532580322748,1.24049400110399,0.853571975666823,0.806322884973865,0.585519399741729,1.02270580584011,1.62783880825382
1.92985389879875,1.57249112910257,2.80480148448176,0.603061221584442,1.41097461222281,0.495824470342078,0.9108014290727,0.941999228322234,1.19077169897434,1.04027079364316
1.32869269689686,0.553738075128831,1.1312119706865,2.08737699695144,3.46404667240505,0.915178751332855,1.36368106826797,0.568655940784624,0.876363471285361,0.552674469195709
0.543679481748619,1.52964478242892,1.54818657786168,1.1403138896494,0.527824173160792,0.644369670572089,1.04072326462182,1.17591467827222,1.14002259909776,1.72038890113529
1.1984920388708,0.478343802412753,0.412030936825834,0.916973340931701,1.26803073765679,0.652586899289547,0.729572253951025,1.76725639956873,1.03337466937133,0.444056232511872
1.01832257438643,1.30057684229243,0.548542853465651,0.975019816951737,0.469554445743965,0.307391462306095,1.150559990618,0.372232340042304,0.529936033491953,0.952555510826018
0.517538890857109,1.76907672744282,1.30681624973126,0.906427370750468,1.08607477921558,0.791353564602271,0.307482155899418,0.30945939242298,1.01240789996357,1.13427886285164
0.44466552731296,0.533681780194742,0.668395626796326,0.352527661227112,0.170631200406293,1.00080531964722,1.40649110892908,1.04052619385586,2.27052207601146,1.59079608427054
0.824048374949468,0.434012368647952,0.403475879271789,0.277823667226552,1.34850917178098,0.708257577618849,0.47064269048627,2.5930410657052,1.35546525681069,0.820784844357032
0.963551293839561,0.4830781236216,0.610995740943375,1.67120137927961,4.53157200078951,0.469090437780137,0.353270038284208,0.482174931921657,0.318584400013065,1.13095106956106
0.274023544696948,1.56647497382725,1.53184719778498,1.34016809021408,0.642870240855249,2.23232966450687,1.69083442980323,3.46675732085446,1.46693573258559,1.16783050099833
1.78201441252483,0.835901428538809,0.770433302720082,1.62110912689688,1.69073255686404,1.19306502678389,0.533023788716113,0.591114273536945,0.783131776040038,0.617498317329917
0.920509665502494,3.05746583118873,0.538293503751118,1.20025113683236,2.43738132067687,0.480806258193495,1.03339050554722,0.908832150003277,1.38758991206171,0.8403313923874
1.02998863438523,0.941335193945839,0.814859663450393,1.46253962880667,1.00477723577449,1.5604709477753,1.11173350550382,0.720527950833586,0.643693216915304,0.819252622538378
1.5191516542213,0.521575134151045,1.20098348637332,1.64016505146576,0.889845360654965,0.698626095064432,0.604940955727741,0.889383057173195,0.682075610929963,0.446277856766371
1.92211266005973,0.812363046437565,0.589552242808406,0.432959487622864,3.02392713790545,1.76807344518131,0.444009625040056,0.673574997743636,3.48558634316104,1.36889345852446
1.05458772655557,0.390129767454834,1.42812261511715,3.27202544925683,1.15534303940167,1.48168900848661,1.7002815720032,1.65097471003595,1.53018316094675,1.03309540613237
2.5099369322182,0.657759070340712,0.741420796148951,0.530656625023509,2.89619364068049,2.7527821427167,2.35839200215304,1.66567648656556,1.02889628391211,0.852017761611726
0.996098563452365,0.474698852200036,1.52601954731909,0.735315011245029,3.93661203197501,1.70698254409971,0.452562442887784,0.575542847318073,0.33177607895311,0.525293778360755
0.592451300420896,3.8741474683361,1.644160604484,0.790047789028435,1.83917501810265,1.08149441122784,1.03541540852451,0.759563314582991,0.878631301885836,0.392643416019124
1.19394956235721,0.623326330035092,0.938579101569833,1.66422691677996,1.15526913647243,0.762787732328448,1.00599064851605,1.71526727957266,0.50723801133438,4.39539820459633
0.944374510699893,1.25262885344597,1.34522017862343,0.439971770791961,1.54111437820214,2.03435807193415,1.08442158982365,0.742051353795423,0.482432255875553,0.597486589727021
2.15859076333939,1.66094843981183,0.956146779842927,1.47193629830022,0.55642438325018,2.96623501121745,1.34636561384349,1.53597862445042,0.570636214734724,0.76576008345397
1.44048729543403,1.77975172885762,1.29376140509564,0.592244436624271,1.74630859440754,2.97279153784804,0.509330315744848,0.835184805724579,1.04990820585939,3.20354212619046
1.02241461210427,1.10034364968609,0.647013993059436,0.991953357244649,0.60428711160684,1.63692271250029,2.70193655494131,0.354843166366286,1.6182779824939,1.28498107313726
0.44954033616073,2.94097331257047,1.21768706997359,0.935326984170372,0.436768350838351,1.77671267710628,1.64324603360194,0.647538641306529,0.8823678476475,2.46333638410858
0.601092242872276,2.46877172577167,1.57479398281577,0.86206695691137,0.869401393079154,2.37876587949954,0.441634098078682,1.22459962596083,1.63511294649179,0.942699071393154
1.74449584238251,2.04711382194722,0.667830632053838,0.460774373484945,1.04987143436793,1.1663507310455,0.41474210266431,2.40737909900736,0.969761597072237,0.501145982612959
0.614277111641907,0.625462779506478,2.21923502989486,0.729569711875661,1.34963836069933,1.43859872003018,0.745010342956859,1.50475994461658,0.874405983696664,0.653291651623931
0.57665072656937,1.71023178921426,1.02575065692709,2.0855783952629,0.293484652316163,0.291810503625477,1.18453420386747,2.83806133654436,1.04201122273463,1.22376489589701
0.616646496001176,1.27529333168451,0.577996555958243,0.530816895350567,0.391619264326346,0.500505926679035,2.35494082395755,0.995825081026614,2.2837747711636,0.563539149651481
0.821735618942208,1.00814150644585,1.35041574769146,0.778225527937042,1.98367844086211,0.686117157845243,1.25786739358328,0.990231248150522,0.958691743582343,0.317104943679015
1.07922469792482,1.64706554259004,2.08520948960889,0.97247288329305,0.931010916379016,0.26390165578202,2.21469107519266,2.27063192583602,1.43719838553503,2.21808051880427
0.962905359612383,1.06784596840792,1.0602986831629,0.332465531001037,2.00159345735664,1.2863772819538,0.939565442058052,1.11464826600218,0.898627823814933,3.28002710982958
0.645609750723259,1.20794520224281,2.13605267830228,0.632055959177783,0.698494545431088,1.33535391951581,1.16982869020344,0.609550005754255,0.905629834651534,0.768166931076882
0.318154245564468,0.920386076960186,0.49021044432049,0.681674336167578,0.287009962524287,1.15540286873255,0.77583470640148,1.02486947217282,0.43814400522416,1.36895155483606
0.871761442479712,2.14653140960316,0.910446188441621,0.665060542642213,0.541486817982925,0.481510330321189,0.638588767298696,1.06830490578416,1.34077974738254,0.968393818702378
0.471020507232333,0.955749249971411,1.6567878229886,1.21019066125503,1.29107094281292,1.35425173009704,1.1280834386618,2.14380659450211,0.308758776212777,1.38801127440573
0.936321503162423,3.87532073875144,0.682030387097365,1.59942754330682,1.37874688202828,1.00242400069753,0.725264231668185,1.03280942866694,0.742284216113236,1.73863202505624
4.32459558173686,1.25803903505136,1.32788745269543,0.544731349844889,0.57059403514254,1.30400397091737,0.896980063222487,3.36708184757769,3.01456700211881,0.870368013213274
0.356744325118239,1.13954194840178,0.592838799170638,0.309362705506445,0.230862905721579,0.408366711385866,0.719971963954589,1.02968201989399,0.995122700156779,1.0859915219433
2.23860874792703,0.737812689219667,0.631377163103526,1.60298468305452,2.62343891061082,0.439463519035313,1.91269381622142,0.799398908615019,1.31493256787717,1.87004331363795
0.952863089203513,2.17042437518477,0.54423451987062,2.13527662705116,0.262821742400214,0.702696180281754,1.38525810942195,0.85915465741029,1.08215573251983,0.892577925060058
0.621228261380885,1.36906402357933,0.559349474500888,2.19515704814392,0.587026835271655,0.625904250726779,2.38082969358925,1.36356230006555,0.964985619442943,0.51760631289375
0.37999478319545,0.784200073923979,1.1343461855388,1.88254941809113,1.18507280604461,0.907174043991244,0.787676021998335,0.638993763267112,0.747789726472212,0.901205574055226
0.851941845683866,1.2610897572357,1.9368098562836,1.57774442987494,0.366845905330005,0.57047067087489,1.07161681939147,0.589893411683045,1.26710371286411,2.97838011869596
0.851806304873769,2.44920142185588,1.87707665895418,2.26635094009462,1.11404046074974,0.622651688507932,0.75453045252584,0.661244303526091,0.657844321959014,1.07626355908375
0.751822948194735,1.26018476944562,0.735184105548042,2.22919207503017,0.322062280724791,1.08624669178631,1.67087697828318,3.30299724818007,2.61371515458507,1.78429376680922
1.69988799605263,1.94659628762905,0.782570568142037,1.53725609279466,3.65615714540176,0.89605037725616,1.48739297649037,0.591984812582359,0.337977435482634,0.717668828596189
2.01168506899245,0.569653222211303,2.55332727910164,0.321097717670527,0.556354289826141,0.855081462597801,0.369226118253372,1.08225569319468,0.308242491137584,0.742290892896104
0.983925967225744,0.768163459435914,0.367994892538424,1.05507568506565,0.522216312525764,0.434923611234224,0.516745949826729,0.463983327943357,1.07914729561844,1.73607313833052
1.647416821041,0.83570811565807,1.82566963782727,1.15028141242775,0.407951238884856,1.48136546787588,0.48525137986052,0.961092813879228,1.19868318051496,0.52438952345355
4.24755013804086,0.488207661307983,0.803691547245794,2.30221612192266,1.65304703672351,0.808186043825904,0.898076436037381,1.43234091689117,0.558275420177544,1.0613077186109
2.90001886590911,0.673996287429067,1.03229786381678,0.712871921990933,0.73428929423195,2.00708382601217,1.21213015127348,0.560281660905041,0.350985594529087,0.577703911376542
0.233494853082022,0.678762796430585,0.659633986844961,0.8416864363615,0.813165775612626,0.79447949285953,0.451656203265961,2.47496423441692,0.442846858626888,2.34279324391815
1.67116062025272,0.649834286186366,0.298351209606662,0.532664802936188,0.735475893635369,0.769882801698495,0.701873012358754,0.547629189222395,0.75850283973625,0.9550091077934
1.60180249339833,0.848619645254568,1.6665380699123,1.49945520995896,1.16305015507405,0.719161368154695,0.754183499484382,0.614321515953441,0.731376480401419,1.36995740037221
1.25701105496562,0.46077246483651,1.8756779714824,0.594391551485706,1.11024901132039,0.824184432151473,1.88665538472963,0.936408937277458,0.861347192660143,1.40995048944531
1.7255735639204,1.89918208890449,0.861582703166846,0.548603190703469,0.722741666806307,0.59577066660406,0.610419166719383,0.697218898996681,1.1221954674965,0.526357556919172
1.18476265192844,0.400497112096579,0.51023960978827,0.364531834246015,0.780237097316663,1.4781908460459,0.651543525118515,0.924187746616112,0.755096252516775,0.627506575805715
0.490624530576517,0.81497662338698,0.768087371786856,1.82843603045336,0.561670172708494,1.6390166127786,0.801821492554865,1.13595487415566,0.695810327548669,0.917563926658161
1.41562507584535,1.87951722311063,0.295828808114507,0.887100775573904,1.21501580357575,0.582393469489045,0.336629681512219,1.30362023160355,0.982342610724169,0.593842565542876
1.73631775847422,0.359899961434751,1.35530505633951,1.53438714155677,0.396331232450387,1.19114241259723,1.14386430156958,1.22693690246284,2.01404636703719,1.11807046264068
0.530298041535213,1.14938839360359,0.683625080764151,0.837383005709749,0.398014240418319,1.02999804363159,0.685009044639773,0.508393142864956,0.910575252899392,3.54442179424152
2.20209325914227,0.326806556268002,0.566154052283775,0.692498476924323,0.841053913143559,0.472142726616157,0.376267869668942,0.871257722566132,2.72846054779564,1.08339094879171
1.09537598757784,0.554325535260195,1.5492788625225,1.02608690974624,0.438771519603704,0.882539994492556,0.776079184014934,2.15577537365497,0.992410902390643,0.768735208464282
2.15138699415535,0.612416800176185,1.2217718430968,0.829481263998792,0.620924851619591,1.52687739656869,2.61370985625394,0.396624262416767,0.633593895361371,0.741569299665008
0.390513082194042,1.26695999735694,0.708857318465435,3.06584984256545,1.62196162384815,0.444041893192801,0.413207071997031,0.527730388477519,0.176219119951987,0.847688836529474
1.28525671367412,1.27051858028075,0.850675118008507,1.30663514088632,0.344902598771899,1.1642725207473,0.803002042475979,1.51511940825443,0.458059323622975,0.564474731447938
0.63490532238727,0.487906147746984,1.27924281700975,0.669241457023844,1.04513254151387,0.224957916331896,0.776714854101686,1.43970993987836,0.638447806910607,0.114138855968013
0.907074261746998,0.754932196547627,0.419736937003449,0.264135220952503,1.23480382780311,0.446762247550808,1.09791668825379,0.264420813873356,0.461894729838969,1.88313839174049
2.06110305230231,1.15993990687696,0.385582924236461,1.31156798141463,1.59884583279497,1.25709593773586,0.551277913946083,1.83784424471691,1.28277797778904,0.25928878953902
0.715506708634378,0.475828867424871,0.863419535570344,2.28937168748862,0.445408119565641,1.25093462519899,0.55007547926118,0.533381379973476,1.20327853912837,0.563565819376669
2.34118972227716,0.284463386454169,0.746271019915302,0.537914873347632,1.65498409375012,3.12851839219189,1.12716364938079,1.25235834842982,1.33674515068713,0.712176866083319
0.862493033201283,0.617433777757665,1.16829603555209,1.94230889517069,0.745374265796019,0.324097536717643,0.748165322665835,0.505482477047734,0.330174648986391,1.05271015301855
0.465884526970314,1.68672544514752,0.661919778096178,0.824852983056409,1.16004272559977,0.875493418446555,0.695884863814766,0.939887405632017,0.25192377658426,1.84648443971398
1.9428565938208,0.488429253750891,0.419171230419014,0.444953647206791,0.394073325577995,0.508360415163214,1.54483574226612,1.0210278983956,2.29759916512864,0.701780320507395
0.445749322534544,0.617945225226043,0.297931668086848,0.676951530026211,2.05441353808677,0.99502180971781,0.981004434180064,0.860502106372979,0.474085953609838,0.536622275198324
0.879291447308084,0.351027867085463,0.769837855044864,0.78634250576266,0.752104322492318,0.901835431012556,0.346895970053236,1.24956526491654,0.720057230546197,1.30274319615627
1.38354502171357,0.516805406758507,1.09690876087961,1.2152694366143,0.540752984231522,0.89095211507276,0.57205583705717,0.743401676875093,0.878814590614267,1.58764656194504
1.44685795883557,0.753210156029952,0.888151735528258,1.14143160300738,1.12106368614862,1.0828029968341,1.06355524766614,0.226302421940883,0.337523428321198,0.558349641981396
0.818430377181954,0.286153815549165,0.63121415282633,1.86771683535498,0.85523490176405,1.05079626792701,0.937374094457349,0.651996165989935,1.47359545857778,0.810014006365446
4.26818208907047,1.00636462694721,0.369517112367413,0.466213832040173,1.00290004844077,4.40514304916162,1.01203471839757,1.36586262522455,0.89773809181874,0.519139057448084
1.30743771551344,1.15460549666305,0.408485992233672,0.626483138295277,1.50779480762605,0.613327688657489,1.35484766614799,1.0443410692591,1.17617950760997,0.6370106887631
0.407700987021988,1.03753982519073,0.498385022905105,2.33035577058326,0.658262534060529,1.92477100006151,0.643115708015897,0.585975495538703,0.765632610726554,0.354850864648364
0.459712589542517,0.707881797922454,0.507809286650265,0.319800298482497,1.3296444915112,0.375879420481587,0.779921221936618,1.28075048945139,0.737319324015896,0.54090138819814
0.398160219812923,1.04487471636113,0.726609790113869,0.512735482268938,0.25068347262972,0.694137366239218,1.26220044503465,1.18373310953415,0.505568985888389,1.79197208481694
0.51960561043427,0.719198242354633,1.87571009396004,0.72857465996847,0.601956561693187,0.412359550836253,0.295327529952112,0.888180659872003,0.274274050835687,2.35772825822523
0.47660688867725,0.860780688607512,1.90999678832153,0.419287359182229,0.443379662016337,0.346759284049701,1.06541648696348,0.591633745105158,0.671260402451895,1.64933860878667
1.01771408125361,0.678158241156136,0.957561545018984,0.48909624677481,0.527086469293739,1.30241589362463,0.934599234921351,1.00631814846953,0.935868838424087,0.506048447434302
0.533369617758619,0.397968084902298,0.615317663634767,0.600043673568189,0.838521684657244,1.95424712063059,0.884174383963941,1.58260063449787,0.395069952255615,0.420306264945914
0.487120248648565,0.688693434723059,0.393911092908945,0.607543673022477,1.0085281712157,0.387136154969455,0.406566164137281,0.862185716188397,0.891590424556422,0.982484397438295
0.951020765185837,0.638268978859619,1.20582422110968,0.593914118442888,0.638144845983151,0.411881029451234,1.78391173875393,1.07660664985397,1.21967588673825,1.86578643431238
0.492728811372181,0.949908392180101,1.3923844273287,0.888583466584508,4.0899806955502,0.890584227860604,0.712269636687,1.07431370833787,0.74906865518521,1.30440787670811
0.930702281655866,0.63735320744901,0.505141062699076,0.483381380163061,0.182289043804787,0.455580156401117,1.08958970926291,1.60387786693853,1.34229156410524,1.12370012870791
0.634977004339442,1.54189401429734,0.73971741966316,0.616562514375277,0.968427189774607,0.424232045073403,0.744161208305012,0.471026671549097,0.51523386739562,0.983508743603496
0.450930621367406,1.32590159166507,0.642066472222801,0.361047273363742,1.69705620726666,0.463518089100584,0.696392753661621,0.880545795454066,1.5195605269085,1.35777252159742
1.52295142879255,0.884990444877496,0.878835841852905,1.46266481863283,1.04039533459379,0.705780578526055,0.854885020040924,0.999057430846446,0.874460347549393,0.586491318270225
1.24161820451723,0.538861208152096,2.04259322415332,1.82000229734387,1.56587708799474,0.71161507801605,0.837852464234376,1.70852738896351,0.300215731168902,1.80591072752334
1.03630755209132,0.737656056972029,1.40285269586091,0.428684479218108,0.86363002496137,0.683323462369533,0.975243273322504,1.36599563016852,0.571817662803132,1.21223084452505
0.360351950283706,1.46477303894758,0.769353701836588,1.62276434364276,0.831900327866551,0.689857557288719,0.417585899300508,0.775601926724159,1.86010113837866,1.56699004037872
0.9299469614836,0.29312716294048,0.62981354599514,1.03374958288344,1.60040309227141,0.321711955609836,0.480860645598944,1.03370665508066,0.317350818773049,0.450996227198817
0.327054507390905,0.718274187298826,0.918317824764833,1.26929657099773,0.688776392654276,0.695975002837045,0.682502444252839,0.682508085536594,0.970560298828925,0.134542228273308
1.43913890765457,0.512569419558518,1.47868121655832,0.558179450376971,0.534738484392415,1.0597548226202,1.04805433290237,1.5201143972552,0.757242804423959,0.350879348916424
1.19072870317346,2.11995510757003,0.468482003777482,1.71124506878692,0.97239376311129,0.983794474781669,1.37008544909474,0.781219857984086,0.432784339189875,1.76892584818145
0.62272592991298,0.89852270268863,0.809041129942106,0.340732573479947,0.472339231487585,0.300370555204542,0.71661559456002,0.9615202163869,0.557069261382629,2.17827717411687
0.201421933771552,1.92682152150009,0.628671594125411,0.217144169070951,0.540758473331032,1.20518452577598,1.24440015589656,0.632524855307549,1.83197712112182,0.918028492247081
2.33245768640855,0.864098198920599,0.301125934488876,0.900600853937346,0.413290391479025,0.506216472241216,0.696033240526064,0.682784814214913,1.23141910570118,1.0548481196833
0.6662367093416,0.416556840503664,0.729894424277156,0.774833120954283,0.294007267887268,0.644651186039072,1.46365262416929,0.409388984438494,1.00296353674769,0.544454893535989
0.628763147686373,0.277240704606728,1.10039590867695,0.327347762368547,1.99505645919195,0.270846142478149,0.632552282573346,1.10658779713994,1.04135625338488,1.10558801934378
0.251013835892457,0.507623600690984,0.909810334514923,1.11663228255779,1.01159505049207,2.55940230634899,0.916955697990129,0.728080759999972,0.715349140388677,0.34878673551261
0.504309608641977,2.35111700301509,0.550415034706402,0.295253492134951,0.947594037681269,1.3374126721458,0.488175515944486,0.930972256415589,0.450778447839215,1.36597975005309
1.06298279217208,0.442491815391266,0.848785182563854,1.55006429814692,1.72626742499449,0.892257750245137,0.56713112311936,0.649816083674926,1.75238024114711,2.74396445876488
0.684675165458491,1.09393924406208,1.27033653657451,0.751980794641917,0.743875584916169,0.860045223322414,0.768168855225826,0.955043822207897,0.55982782278607,0.426638349823567
3.6972876024807,0.339787579294963,3.15043604058633,1.27403559246236,0.94060497606837,1.95506183042681,0.904581798537651,1.20231290208147,1.13713536494869,0.883134794621711
0.718836146052451,0.959378611261965,0.431726372647442,0.443427446406929,0.378120132529126,2.06318739340465,0.981444392670888,0.61357447666666,0.799801097728864,0.735909095381153
0.759029795351354,0.426178507066875,0.926146671501366,1.00612319007003,0.324058797707172,0.701859210390709,1.60354876434679,0.719482440182133,0.342788600925246,0.648291091420199
0.720942147177623,0.353493598877114,0.859986250343551,0.823934545419101,0.911534645316649,0.847052131339249,1.51309438340859,1.1006520620957,0.884170924487213,0.189667571661755
1.32988620088187,2.76708886836216,0.795764130211868,1.08226581285792,2.71163374282537,0.742680449578516,0.518336994149792,1.24544231591214,0.239772636370658,0.806146714583787
0.210635153729826,0.453513107408462,0.681256007794157,0.311441085514569,1.32223448709556,1.88581638467319,1.17692227878044,1.22402939984736,1.61530132627053,0.494004053852233
1.79299569230636,0.767667695131655,1.11788379259501,2.25159535719206,1.31186263724858,2.26131765357505,0.356518499242509,1.07838434378207,1.12971139080417,0.796531329591712
0.983171582036513,0.339683086445568,2.49062271830417,0.466844833494009,1.72468614160861,1.13622114670045,0.696935524315014,1.53338503486288,1.97521551797498,1.36734008198968
0.567516321631074,0.521186118380503,0.682863268643413,0.901061452114438,2.46600332605647,1.36709860127234,0.603400080843132,0.586304886294685,0.753229155909123,0.616992646462201
1.02967739962408,0.29392120405325,0.761175691036934,0.990442534687383,1.28181489859755,0.562424837341051,0.728324473178637,0.589277965793644,0.616939705229802,0.382710240095532
0.602853886776093,0.920597789551252,0.650860250466714,1.18174224970901,1.7930009403245,0.601926685835901,2.24183034046798,0.146844055819698,0.336047638610471,0.23705604428893
0.957368814482551,0.725478276385561,0.713624919664984,0.746675347957893,0.587437394268766,0.671765612682818,0.89517005402544,0.59501747595277,0.366118671273357,0.417431954689009
0.244719833499328,0.989733284584429,0.572194507236461,1.5772541247397,0.496493347614952,0.983891991612764,0.860658504298978,0.626678457022694,1.17935622058136,0.400007059842141
1.21736246430014,1.1145694167485,0.671455859977231,0.806151384015005,0.979609868289171,1.19851072538424,0.52501729505682,1.53874717154059,0.568475214580094,0.938256854489445
0.821636818917043,4.02317162781542,0.941039026982029,0.389636721707167,0.768740725617963,0.498317240402866,1.45178511382519,1.6894596552067,2.40443074585034,1.29600541487007
1.42730667283056,0.396907563888002,1.23882530197615,0.74757730387752,0.20427574513897,1.54022975238665,0.765722816477328,0.426146074698287,0.694186386633361,0.708147783212352
1.09473062946732,1.04285582808437,0.31620391838216,1.48925757337939,0.953454333464206,1.53326846727617,1.10319840587729,0.724522049241561,0.723029021129122,1.69658601901492
0.344291276869866,0.95536955989069,0.530947819418679,0.21935832250492,0.549390248331179,1.04542504776852,0.585000762956853,2.76453879095419,0.90020572422266,3.35692478487738
0.584131579172114,2.1127604514849,0.816258663904928,0.299573122063723,0.351695958711405,0.456970815589057,0.364741031724539,1.24673023734059,0.497046109618665,1.20381784889097
0.596041841155253,1.12222775122517,1.17732375330222,0.706476957268669,0.548878305394637,0.691492421186746,0.360563054513401,0.564982125243851,0.317695349326928,0.595663476524206
0.68013521563857,2.5155938521078,0.731843332884883,0.427219960374477,0.984451643298094,0.533851165791871,2.58334072722688,1.03503937630401,0.420305000348469,0.342273538397091
0.0842188236218301,0.653016106189878,0.613203025491107,0.465028317765944,1.60648008105796,1.03300517794679,0.584891151071503,0.481041964903817,0.892917459030366,1.01828983743712
1.21338626667487,0.491065098610412,0.37484741565236,1.63639735109868,0.612538327104447,0.912109340433128,0.413949576007563,1.52343909630923,0.640889627834,0.711212082399668
0.492016804228035,0.375371627308951,0.403643687826896,0.904768509058366,0.477557256486915,1.52400606416221,0.477024408980723,0.918468162933084,0.941896356240205,0.412649273782232
0.523006470789255,0.602182963994601,1.35208101389982,1.05592322752852,1.8741294171294,0.850257238932655,0.340090255383912,0.23591655253054,0.254517712647285,0.797904961347282
1.94762317282277,0.311314635814387,0.499431932716499,1.15835229354268,1.53818693069351,1.14777687166051,1.05878487197312,0.976502552612406,0.380925432700394,0.544729300833778
0.421088749075872,1.16042329805114,0.270595985987642,0.385058661016987,0.386961320379596,0.439482583141942,0.544440892965174,1.15399722188638,0.833749365393656,0.629976044283133
0.500843175092184,2.59345428467448,1.51275996031491,1.57373023577254,0.386705913942743,0.737486592372647,1.88115993263633,0.449182886256626,0.551188823656217,1.40324146828974
